id_peixe,populacao,rio,comprimento_cabeca,comprimento_pre_anal,focinho_occipital,distancia_pre_peitoral,distancia_dorsal_pelvica,focinho_operculo_ventral,distancia_pre_dorsal,distancia_dorsal_peitoral,diametro_horizontal_olho,altura_maxima_corpo
Barpel_06_01,POP06,rio_pop06,29.103065,87.61119,27.503692,30.19267,21.54263,23.485802,60.698364,32.523291,4.860055,23.247238
Barpel_06_02,POP06,rio_pop06,28.434643,90.04391,25.124647,29.058508,21.076003,23.397905,59.348958,32.325555,5.050794,21.908079
Barpel_06_03,POP06,rio_pop06,28.649796,90.318792,26.874126,29.65159,21.235155,22.104239,60.018985,32.681326,4.833209,22.827583
Barpel_06_04,POP06,rio_pop06,27.770169,87.984918,27.29684,28.648026,20.880572,22.051228,59.439357,32.882315,4.878987,22.825426
Barpel_06_05,POP06,rio_pop06,30.146569,88.397741,27.024106,31.39148,21.808008,24.778236,59.991509,31.311089,5.029784,22.85281
Barpel_06_06,POP06,rio_pop06,27.869856,87.691942,25.921078,29.357814,22.369457,21.253173,57.046138,30.500394,5.123975,22.934309
Barpel_06_07,POP06,rio_pop06,28.321865,90.315292,25.969175,29.492219,21.863168,22.892477,59.582509,33.412746,5.265934,22.655436
Barpel_06_08,POP06,rio_pop06,28.902586,88.897245,26.008265,30.768224,20.775889,23.992863,60.651992,32.727078,5.036939,21.724412
Barpel_06_09,POP06,rio_pop06,27.039135,88.990532,25.79865,28.086918,20.141209,22.105387,59.246316,33.646816,5.098759,21.112199
Barpel_06_10,POP06,rio_pop06,27.971704,91.936519,25.158375,30.337953,22.779034,22.968562,61.580087,35.088767,4.864886,23.208379
Barpel_06_11,POP06,rio_pop06,28.798678,91.193902,26.371691,30.245157,20.921176,22.946433,60.993371,33.638008,4.905867,21.789461
Barpel_06_12,POP06,rio_pop06,27.099689,91.471313,25.14219,28.766198,22.100822,21.523922,61.29561,35.427541,4.91995,22.831668
Barpel_06_13,POP06,rio_pop06,28.152895,89.341256,26.369735,29.557449,21.705339,22.057887,59.586777,33.64355,5.226747,23.056162
Barpel_06_14,POP06,rio_pop06,28.814149,89.642779,27.019155,29.644334,24.07421,22.71083,61.410774,34.907956,5.000289,26.437824
Barpel_06_15,POP06,rio_pop06,29.33622,89.731897,26.061777,29.59085,21.207955,25.15315,60.682542,34.133588,5.814785,22.06614
Barpel_06_16,POP06,rio_pop06,28.133008,87.978687,25.162148,28.249588,23.581907,23.293535,60.804604,36.952683,5.004051,25.211151
Barpel_06_17,POP06,rio_pop06,28.505507,91.768838,26.464318,29.263664,20.470761,23.489755,60.220281,33.100705,5.594031,21.210232
Barpel_06_18,POP06,rio_pop06,27.501874,89.023714,26.704721,29.11444,21.835404,22.792159,60.725334,34.594042,4.436951,23.060961
Barpel_06_19,POP06,rio_pop06,26.10145,87.044816,25.373396,27.69823,21.189287,21.172412,58.593298,32.930259,4.615306,21.741662
Barpel_06_20,POP06,rio_pop06,26.938693,90.509119,25.595998,28.151467,21.286126,22.276942,58.681251,34.875504,5.073623,22.148285
Barpel_07_01,POP07,rio_pop07,32.579697,89.898504,30.148623,33.438787,21.036016,27.472943,64.259994,33.893799,5.42929,22.164793
Barpel_07_02,POP07,rio_pop07,29.581569,90.651212,26.740783,30.473521,24.052118,24.252359,60.343487,33.666811,5.179848,25.010698
Barpel_07_03,POP07,rio_pop07,31.370715,90.155043,29.741059,32.071947,20.391411,26.691793,60.883327,31.797021,5.281391,21.577666
Barpel_07_04,POP07,rio_pop07,35.815937,89.080565,30.690998,36.661389,20.361199,29.256172,63.057263,29.726383,5.741075,21.327684
Barpel_07_05,POP07,rio_pop07,30.3735,85.251033,27.725213,32.069538,21.046138,26.131708,59.546986,31.275987,5.467381,21.744537
Barpel_07_06,POP07,rio_pop07,31.36772,91.228502,29.681429,32.549231,23.811642,25.623451,61.152136,31.309281,5.434238,25.906358
Barpel_07_07,POP07,rio_pop07,30.494264,86.746957,28.829225,32.444498,21.291535,24.721626,60.845593,31.32435,5.977471,22.23777
Barpel_07_08,POP07,rio_pop07,30.206735,88.55929,27.552191,31.190894,21.188407,22.675045,60.409638,33.460803,5.428281,22.551399
Barpel_07_09,POP07,rio_pop07,31.339084,91.06654,28.348467,32.976458,20.162314,25.269641,61.319772,30.919238,5.315895,20.35031
Barpel_07_10,POP07,rio_pop07,29.464789,91.328427,26.813858,30.716966,21.617746,25.294022,59.287762,31.720107,5.077189,22.209767
Barpel_07_11,POP07,rio_pop07,30.769592,91.566746,28.830487,32.647628,22.365862,25.238237,60.68741,31.435074,5.233007,22.494373
Barpel_07_12,POP07,rio_pop07,30.751924,89.665715,29.365945,31.275999,21.860322,25.224846,62.116867,33.756616,5.361873,23.228043
Barpel_07_13,POP07,rio_pop07,27.378802,89.184816,24.908735,28.946173,20.661862,21.866875,59.562276,32.242007,5.113993,22.161324
Barpel_07_14,POP07,rio_pop07,31.987781,91.41803,28.557067,33.212333,23.231232,25.388762,61.40293,31.552492,5.574564,24.280886
Barpel_07_15,POP07,rio_pop07,28.721162,91.05868,27.781314,30.707078,20.838329,24.177277,61.580826,34.381268,4.924432,21.880097
Barpel_07_16,POP07,rio_pop07,28.565614,91.246361,25.414972,30.143613,23.932097,23.138805,59.736031,33.721373,5.789508,24.856403
Barpel_07_17,POP07,rio_pop07,28.03457,86.861415,26.164931,29.256352,21.860516,22.775687,58.882578,32.783052,5.113044,23.038244
Barpel_07_18,POP07,rio_pop07,32.135407,89.912612,29.544568,33.008959,21.895898,25.358617,61.015284,30.871451,5.750495,22.55781
Barpel_07_19,POP07,rio_pop07,29.799667,91.290109,27.407081,31.523524,21.131157,24.428952,61.159333,33.168075,5.580187,21.542974
Barpel_07_20,POP07,rio_pop07,29.45252,91.829572,26.434037,30.855937,24.498639,25.724642,60.030536,32.948679,4.90657,24.883581
Barpel_08_01,POP08,rio_pop08,31.592228,86.684544,30.109468,31.900635,20.619602,25.539898,63.363834,33.770949,5.833051,22.371738
Barpel_08_02,POP08,rio_pop08,27.691663,87.653883,25.671226,28.986279,21.98565,21.982813,59.054346,33.787755,4.965794,22.655883
Barpel_08_03,POP08,rio_pop08,32.878865,86.932246,31.445621,33.057965,19.572373,24.681873,62.311115,31.197113,6.159807,21.571302
Barpel_08_04,POP08,rio_pop08,30.150585,90.177411,27.572555,31.037773,20.451151,24.280192,61.120863,32.458101,5.947646,21.704859
Barpel_08_05,POP08,rio_pop08,30.26225,89.749442,27.200319,30.880157,20.930948,25.407599,61.251169,34.03417,5.354153,22.113888
Barpel_08_06,POP08,rio_pop08,30.623476,89.843038,27.419892,31.501129,21.218483,24.204142,60.866001,32.421113,5.684411,22.534231
Barpel_08_07,POP08,rio_pop08,30.683599,89.174255,29.197601,31.909013,21.164841,26.242456,62.466045,32.918562,5.514433,22.217886
Barpel_08_08,POP08,rio_pop08,28.530988,87.77585,26.247368,29.452488,21.448312,22.721497,59.705969,32.663058,4.826658,22.546537
Barpel_08_09,POP08,rio_pop08,31.623234,89.064128,29.850354,32.161127,21.334584,25.158061,61.9986,32.424654,5.828921,23.138266
Barpel_08_10,POP08,rio_pop08,30.885855,87.373022,29.078083,30.580507,22.29933,24.887631,62.441532,34.358005,6.357864,24.366052
Barpel_08_11,POP08,rio_pop08,28.140128,88.837967,25.969386,29.366106,21.444786,22.799364,60.491005,33.233379,5.176599,23.513465
Barpel_08_12,POP08,rio_pop08,29.258408,88.408508,28.280535,30.628356,23.701305,24.844465,60.436227,32.752887,5.088414,25.877085
Barpel_08_13,POP08,rio_pop08,29.613485,88.314984,28.091343,30.787703,20.87559,24.118763,61.508239,32.49279,5.352009,22.288023
Barpel_08_14,POP08,rio_pop08,28.150372,89.799486,26.386686,28.365604,21.967063,22.354277,61.097579,35.397002,5.081701,23.97871
Barpel_08_15,POP08,rio_pop08,29.05346,87.599428,28.361131,29.342956,22.781038,23.435218,59.458742,32.671887,5.27177,24.150136
Barpel_08_16,POP08,rio_pop08,31.044479,90.458766,29.376912,32.142807,20.384098,25.299046,63.597444,33.839622,5.367328,21.638553
Barpel_08_17,POP08,rio_pop08,31.4218,91.150283,28.92856,32.6325,21.469502,24.936564,61.77726,31.366658,5.124162,22.701868
Barpel_08_18,POP08,rio_pop08,31.431377,87.790527,29.33701,31.658828,21.224205,24.731652,63.253179,34.521979,5.484306,23.049835
Barpel_08_19,POP08,rio_pop08,27.626453,89.083729,25.447755,28.755329,22.299528,21.055368,60.717995,35.089565,5.378765,23.817187
Barpel_08_20,POP08,rio_pop08,30.432612,90.694279,28.622472,30.622395,23.721014,23.10974,62.783128,35.200777,5.293479,26.714345
Barpel_09_01,POP09,rio_pop09,27.425426,90.992085,25.566751,28.451619,23.54268,22.810302,59.964578,35.58921,5.271422,25.560825
Barpel_09_02,POP09,rio_pop09,29.112539,88.392935,26.56214,29.751606,25.796807,23.206455,59.080096,33.372967,5.475458,26.822025
Barpel_09_03,POP09,rio_pop09,26.761121,91.690962,24.122764,27.520828,23.413136,22.363775,60.410374,36.497431,4.723774,25.128252
Barpel_09_04,POP09,rio_pop09,26.954308,89.455138,24.227789,28.352924,24.619062,22.926419,58.378084,34.081107,5.157868,26.298997
Barpel_09_05,POP09,rio_pop09,26.954821,89.355009,25.015004,28.63143,24.31541,21.39298,57.182335,33.311558,5.461096,26.176678
Barpel_09_06,POP09,rio_pop09,27.394908,89.176302,25.304105,28.613097,24.161174,21.781599,59.39832,35.852911,5.045667,25.738977
Barpel_09_07,POP09,rio_pop09,27.814081,90.461346,25.313948,29.329165,24.348562,21.308754,60.51831,34.959932,4.943167,25.772172
Barpel_09_08,POP09,rio_pop09,26.842987,87.116855,24.42196,27.950474,23.783897,21.959899,57.600428,33.93376,4.902185,25.247346
Barpel_09_09,POP09,rio_pop09,27.203968,89.977014,24.853424,29.04802,24.045145,21.745078,59.699574,34.441624,5.12563,25.757362
Barpel_09_10,POP09,rio_pop09,26.705994,86.546818,25.19635,28.605475,23.909183,22.009878,59.072154,34.652658,5.644509,24.679707
Barpel_09_11,POP09,rio_pop09,27.829023,90.138811,26.106578,28.940818,24.820499,24.284445,59.296341,34.020352,5.148215,26.220885
Barpel_09_12,POP09,rio_pop09,26.94812,88.237064,25.005489,29.03354,24.483089,23.629762,57.94636,35.550577,4.8193,25.494444
Barpel_09_13,POP09,rio_pop09,27.639134,92.594664,25.704121,28.806677,24.531731,21.045943,60.332102,36.537576,5.366949,25.891645
Barpel_09_14,POP09,rio_pop09,29.007766,89.381527,27.396195,31.092028,22.6498,22.167072,60.9256,33.211504,5.186926,23.28231
Barpel_09_15,POP09,rio_pop09,26.158086,89.684822,23.454762,27.152082,23.674926,20.35554,59.60015,36.799692,4.708213,24.041193
Barpel_09_16,POP09,rio_pop09,27.20139,92.214839,23.084546,28.337572,24.682068,21.308336,59.62312,35.694007,4.704932,26.290773
Barpel_09_17,POP09,rio_pop09,27.203865,91.880806,26.159973,29.190642,24.710443,22.181596,61.304779,36.031672,5.517788,25.368933
Barpel_09_18,POP09,rio_pop09,27.412733,89.832019,26.203205,28.871853,24.051381,21.941849,59.187851,35.666972,5.073888,25.836987
Barpel_09_19,POP09,rio_pop09,28.64402,92.720202,27.295895,29.725971,25.33412,22.82153,62.076846,36.148537,4.989714,26.513192
Barpel_09_20,POP09,rio_pop09,26.215297,88.586335,24.695568,27.19943,25.543533,21.67547,58.848305,36.652583,4.80159,28.143573
Barpel_10_01,POP10,rio_pop10,31.090884,92.142198,28.256231,32.75218,22.645529,25.983834,60.644584,30.788453,5.265672,23.609419
Barpel_10_02,POP10,rio_pop10,31.925835,92.052948,29.671715,32.21321,21.020627,25.391811,62.665103,32.287082,5.623844,22.20736
Barpel_10_03,POP10,rio_pop10,31.606118,90.415447,29.181267,32.908375,21.647736,26.459623,62.595955,32.68761,5.236824,22.5785
Barpel_10_04,POP10,rio_pop10,33.067073,91.470037,29.94624,33.636429,23.30613,25.355241,63.567275,32.567518,5.541646,25.453688
Barpel_10_05,POP10,rio_pop10,30.305731,90.734391,27.99137,32.312522,20.729433,25.201255,60.903577,30.672747,5.144705,22.112733
Barpel_10_06,POP10,rio_pop10,31.699448,90.063664,28.498614,32.636875,21.457631,23.973557,63.056777,31.823154,5.870445,23.302757
Barpel_10_07,POP10,rio_pop10,30.731483,92.632815,28.215839,31.813791,20.055269,23.624578,62.003861,32.623821,5.192731,21.686797
Barpel_10_08,POP10,rio_pop10,29.841772,91.040413,27.240911,30.982936,22.488895,22.515158,62.89069,34.216769,5.077082,23.733938
Barpel_10_09,POP10,rio_pop10,29.125368,86.985325,27.186988,29.212904,21.753559,22.129854,59.799713,32.62716,5.649026,22.673806
Barpel_10_10,POP10,rio_pop10,31.829862,90.026681,29.022325,32.196159,22.563625,25.059308,62.069318,32.980204,5.43213,23.728935
Barpel_10_11,POP10,rio_pop10,29.12225,90.788078,27.488419,29.869436,23.558842,24.092595,61.336635,33.701054,5.329826,24.74672
Barpel_10_12,POP10,rio_pop10,29.828446,90.903094,27.497042,29.776047,22.49014,21.060417,62.711838,35.01873,5.397853,24.218112
Barpel_10_13,POP10,rio_pop10,28.665603,89.198701,25.924349,28.550382,20.055968,22.733914,60.180579,34.236428,5.584029,21.399816
Barpel_10_14,POP10,rio_pop10,30.268624,87.610099,28.384773,31.488185,21.753463,23.169668,62.301979,33.766681,5.349124,23.520671
Barpel_10_15,POP10,rio_pop10,31.078364,88.148393,27.827609,30.889939,22.67302,24.242843,61.949628,33.797467,5.439199,23.587053
Barpel_10_16,POP10,rio_pop10,29.294323,90.201306,26.562475,30.954296,22.16147,23.380034,61.771567,35.036032,5.325165,22.700519
Barpel_10_17,POP10,rio_pop10,30.665792,90.916005,28.125565,32.357507,21.912857,24.163747,61.214506,33.248842,5.097733,22.909544
Barpel_10_18,POP10,rio_pop10,30.486903,90.970493,28.041192,32.150863,21.936483,25.326843,61.888928,32.863794,5.313189,23.521405
Barpel_10_19,POP10,rio_pop10,28.634523,91.68194,26.050537,30.153918,22.854982,23.660551,60.397545,34.22138,5.656289,23.036415
Barpel_10_20,POP10,rio_pop10,30.116421,89.569833,28.664137,32.809619,20.638772,23.025971,60.642771,30.891562,4.862274,20.677066
