id_recife,id_levantamento,sitio,numero_recife,zona_recife,estacao,ano,avaliador_video,duracao_video_min,visibilidade_media_m,pradaria_marinha_pct,riqueza_especies_zona,indice_shannon_h,abundancia_total,area_2d,indice_forma,indice_isometria,indice_circularidade,indice_fractal,indice_para,perimetro,razao_perimetro_area,distancia_media_recifes_proximos,distancia_vizinho_mais_proximo,rugosidade,area_3d
CR01,CR-OP01_C_S2020,OP-CR,1,Centre,Summer,2020,Chris.P,60,4,0,10,0.343341096957409,116,124.9646335,1.343478261,0.86,0.334406389,1.134014291,0.494469226,65.97,0.527916964,111.59766,5.694631781,1.326,73.88
CR01,CR-OP01_C_S2021,OP-CR,1,Centre,Summer,2021,Chris.P,60,4,0,11,0.591135050868837,242,124.9646335,1.343478261,0.86,0.334406389,1.134014291,0.494469226,65.97,0.527916964,111.59766,5.694631781,1.326,73.88
CR01,CR-OP01_E_S2020,OP-CR,1,Edge,Summer,2020,Chris.P,60,3,0,15,0.686749768057416,344,124.9646335,1.343478261,0.86,0.334406389,1.134014291,0.494469226,65.97,0.527916964,111.59766,5.694631781,1.326,73.88
CR01,CR-OP01_E_S2021,OP-CR,1,Edge,Summer,2021,Chris.P,60,4,0,17,0.632003139448221,951,124.9646335,1.343478261,0.86,0.334406389,1.134014291,0.494469226,65.97,0.527916964,111.59766,5.694631781,1.326,73.88
CR01,CR-OP01_E_W2020,OP-CR,1,Edge,Winter,2020,Chris.P,60,3.857142857,0,1,0.338012457691439,408,124.9646335,1.343478261,0.86,0.334406389,1.134014291,0.494469226,65.97,0.527916964,111.59766,5.694631781,1.326,73.88
CR01,CR-OP01_O_S2020,OP-CR,1,Off,Summer,2020,Chris.P,60,3.714285714,4.3,13,0.471864082145956,293,124.9646335,1.343478261,0.86,0.334406389,1.134014291,0.494469226,65.97,0.527916964,111.59766,5.694631781,1.326,73.88
CR01,CR-OP01_O_S2021,OP-CR,1,Off,Summer,2021,Chris.P,60,4,9.2,16,0.274608579755447,115,124.9646335,1.343478261,0.86,0.334406389,1.134014291,0.494469226,65.97,0.527916964,111.59766,5.694631781,1.326,73.88
CR02,CR-OP02_C_S2020,OP-CR,2,Centre,Summer,2020,Chris.P,60,4,0,11,0.303786314691173,237,85.25778741,1.205263158,0.76,0.333643897,1.09684932,0.537322188,45.5,0.533642866,97.7802902,5.694631781,1.413,63.67
CR02,CR-OP02_C_S2021,OP-CR,2,Centre,Summer,2021,Chris.P,60,2.285714286,0,10,0.445588801921369,59,85.25778741,1.205263158,0.76,0.333643897,1.09684932,0.537322188,45.5,0.533642866,97.7802902,5.694631781,1.413,63.67
CR02,CR-OP02_E_S2020,OP-CR,2,Edge,Summer,2020,Chris.P,60,4,0,17,0.222491949139908,538,85.25778741,1.205263158,0.76,0.333643897,1.09684932,0.537322188,45.5,0.533642866,97.7802902,5.694631781,1.413,63.67
CR02,CR-OP02_E_S2021,OP-CR,2,Edge,Summer,2021,Chris.P,61,3.714285714,0,16,0.34108935676744,87,85.25778741,1.205263158,0.76,0.333643897,1.09684932,0.537322188,45.5,0.533642866,97.7802902,5.694631781,1.413,63.67
CR02,CR-OP02_E_W2019,OP-CR,2,Edge,Winter,2019,Katie.E,60,3.714285714,0,2,0.562335144618808,4,85.25778741,1.205263158,0.76,0.333643897,1.09684932,0.537322188,45.5,0.533642866,97.7802902,5.694631781,1.413,63.67
CR02,CR-OP02_E_W2020,OP-CR,2,Edge,Winter,2020,Chris.P,60,2.714285714,0,5,0.670008979827427,84,85.25778741,1.205263158,0.76,0.333643897,1.09684932,0.537322188,45.5,0.533642866,97.7802902,5.694631781,1.413,63.67
CR02,CR-OP02_O_S2021,OP-CR,2,Off,Summer,2021,Chris.P,60,4,0,15,0.990439949560719,196,85.25778741,1.205263158,0.76,0.333643897,1.09684932,0.537322188,45.5,0.533642866,97.7802902,5.694631781,1.413,63.67
CR02,CR-OP02_O_W2019,OP-CR,2,Off,Winter,2019,Katie.E,60,3.571428571,0,3,0.206192050633232,19,85.25778741,1.205263158,0.76,0.333643897,1.09684932,0.537322188,45.5,0.533642866,97.7802902,5.694631781,1.413,63.67
CR02,CR-OP02_O_W2020,OP-CR,2,Off,Winter,2020,Chris.P,60,4,0,7,0.78335080310777,7,85.25778741,1.205263158,0.76,0.333643897,1.09684932,0.537322188,45.5,0.533642866,97.7802902,5.694631781,1.413,63.67
CR04,CR-OP04_C_S2020,OP-CR,4,Centre,Summer,2020,Chris.P,60,4,0,8,1.56071179034213,57,11.91994935,1.161111111,0.17,0.347596266,1.189509838,1.296526055,16.55,1.388815213,80.44323194,2.671606122,1.702,15.37
CR04,CR-OP04_C_S2021,OP-CR,4,Centre,Summer,2021,Chris.P,60,4,0,9,0.590053415901881,44,11.91994935,1.161111111,0.17,0.347596266,1.189509838,1.296526055,16.55,1.388815213,80.44323194,2.671606122,1.702,15.37
CR04,CR-OP04_E_S2021,OP-CR,4,Edge,Summer,2021,Chris.P,60,3.857142857,0,16,2.01069146670079,382,11.91994935,1.161111111,0.17,0.347596266,1.189509838,1.296526055,16.55,1.388815213,80.44323194,2.671606122,1.702,15.37
CR04,CR-OP04_E_W2019,OP-CR,4,Edge,Winter,2019,Katie.E,60,4,0,6,0.847145897908156,1244,11.91994935,1.161111111,0.17,0.347596266,1.189509838,1.296526055,16.55,1.388815213,80.44323194,2.671606122,1.702,15.37
CR04,CR-OP04_E_W2020,OP-CR,4,Edge,Winter,2020,Chris.P,60,2,0,3,0.562335144618808,12,11.91994935,1.161111111,0.17,0.347596266,1.189509838,1.296526055,16.55,1.388815213,80.44323194,2.671606122,1.702,15.37
CR04,CR-OP04_O_S2020,OP-CR,4,Off,Summer,2020,Chris.P,60,3,13.3,10,1.48855605030123,32,11.91994935,1.161111111,0.17,0.347596266,1.189509838,1.296526055,16.55,1.388815213,80.44323194,2.671606122,1.702,15.37
CR04,CR-OP04_O_S2021,OP-CR,4,Off,Summer,2021,Chris.P,60,4,0,19,1.4445449227471,236,11.91994935,1.161111111,0.17,0.347596266,1.189509838,1.296526055,16.55,1.388815213,80.44323194,2.671606122,1.702,15.37
CR05,CR-OP05_C_S2021,OP-CR,5,Centre,Summer,2021,Sophie.R,60,3,0,12,0.691047847906671,100,16.12355196,1.492857143,0.17,0.561421316,1.334390295,1.753355705,16.52,1.024640293,83.57625671,6.067512584,1.92,19.58
CR05,CR-OP05_E_W2019,OP-CR,5,Edge,Winter,2019,Katie.E,60,4,0,4,0.214559155176405,18,16.12355196,1.492857143,0.17,0.561421316,1.334390295,1.753355705,16.52,1.024640293,83.57625671,6.067512584,1.92,19.58
CR05,CR-OP05_E_W2020,OP-CR,5,Edge,Winter,2020,Chris.P,60,2,0,3,0.606016568304245,181,16.12355196,1.492857143,0.17,0.561421316,1.334390295,1.753355705,16.52,1.024640293,83.57625671,6.067512584,1.92,19.58
CR05,CR-OP05_O_S2020,OP-CR,5,Off,Summer,2020,Chris.P,60,3.142857143,35.9,11,0.174036287683922,43,16.12355196,1.492857143,0.17,0.561421316,1.334390295,1.753355705,16.52,1.024640293,83.57625671,6.067512584,1.92,19.58
CR05,CR-OP05_O_S2021,OP-CR,5,Off,Summer,2021,Chris.P,60,3.714285714,0,17,1.49169514363026,47,16.12355196,1.492857143,0.17,0.561421316,1.334390295,1.753355705,16.52,1.024640293,83.57625671,6.067512584,1.92,19.58
CR06,CR-OP06_C_S2021,OP-CR,6,Centre,Summer,2021,Chris.P,60,4,0,8,0.296557454787108,13,2072.904284,2.832065217,0.1,0.472967164,1.275327074,0.251386946,505.02,0.243628712,41.28149337,2.671606122,1.35,2652.19
CR06,CR-OP06_E_S2020,OP-CR,6,Edge,Summer,2020,Chris.P,60,2.142857143,0,4,0.191444081957717,1,2072.904284,2.832065217,0.1,0.472967164,1.275327074,0.251386946,505.02,0.243628712,41.28149337,2.671606122,1.35,2652.19
CR06,CR-OP06_E_S2021,OP-CR,6,Edge,Summer,2021,Chris.P,60,3.285714286,0,13,0.915696172000541,33,2072.904284,2.832065217,0.1,0.472967164,1.275327074,0.251386946,505.02,0.243628712,41.28149337,2.671606122,1.35,2652.19
CR06,CR-OP06_E_W2019,OP-CR,6,Edge,Winter,2019,Katie.E,60,4,0,4,1.05492016798614,5,2072.904284,2.832065217,0.1,0.472967164,1.275327074,0.251386946,505.02,0.243628712,41.28149337,2.671606122,1.35,2652.19
CR06,CR-OP06_E_W2020,OP-CR,6,Edge,Winter,2020,Chris.P,60,4,0,4,0.636514168294813,3,2072.904284,2.832065217,0.1,0.472967164,1.275327074,0.251386946,505.02,0.243628712,41.28149337,2.671606122,1.35,2652.19
CR06,CR-OP06_O_S2020,OP-CR,6,Off,Summer,2020,Chris.P,60,1.714285714,0,6,0.636514168294813,3,2072.904284,2.832065217,0.1,0.472967164,1.275327074,0.251386946,505.02,0.243628712,41.28149337,2.671606122,1.35,2652.19
CR06,CR-OP06_O_S2021,OP-CR,6,Off,Summer,2021,Chris.P,60,4,0,13,0.600742511810956,82,2072.904284,2.832065217,0.1,0.472967164,1.275327074,0.251386946,505.02,0.243628712,41.28149337,2.671606122,1.35,2652.19
CR06,CR-OP06_O_W2020,OP-CR,6,Off,Winter,2020,Chris.P,60,3.857142857,0,5,0.598269588585257,7,2072.904284,2.832065217,0.1,0.472967164,1.275327074,0.251386946,505.02,0.243628712,41.28149337,2.671606122,1.35,2652.19
CR07,CR-OP07_C_S2020,OP-CR,7,Centre,Summer,2020,Chris.P,60,2.142857143,0,5,0.0486177618963041,14,90.22619069,1.5175,0.4,0.415644289,1.208121235,0.67278118,54.6,0.605108667,59.61685848,10.207163,1.299,116.62
CR07,CR-OP07_C_S2021,OP-CR,7,Centre,Summer,2021,Chris.P,60,2,0,8,0.140467483815044,26,90.22619069,1.5175,0.4,0.415644289,1.208121235,0.67278118,54.6,0.605108667,59.61685848,10.207163,1.299,116.62
CR07,CR-OP07_E_S2020,OP-CR,7,Edge,Summer,2020,Chris.P,60,3.428571429,0,5,0.362647699609575,211,90.22619069,1.5175,0.4,0.415644289,1.208121235,0.67278118,54.6,0.605108667,59.61685848,10.207163,1.299,116.62
CR07,CR-OP07_E_S2021,OP-CR,7,Edge,Summer,2021,Chris.P,61,3.857142857,0,15,0.537034846126868,150,90.22619069,1.5175,0.4,0.415644289,1.208121235,0.67278118,54.6,0.605108667,59.61685848,10.207163,1.299,116.62
CR07,CR-OP07_E_W2019,OP-CR,7,Edge,Winter,2019,Katie.E,60,4,0,5,0.974314752869349,8,90.22619069,1.5175,0.4,0.415644289,1.208121235,0.67278118,54.6,0.605108667,59.61685848,10.207163,1.299,116.62
CR07,CR-OP07_E_W2020,OP-CR,7,Edge,Winter,2020,Chris.P,60,1.142857143,0,4,0.800426758148148,70,90.22619069,1.5175,0.4,0.415644289,1.208121235,0.67278118,54.6,0.605108667,59.61685848,10.207163,1.299,116.62
CR07,CR-OP07_O_S2020,OP-CR,7,Off,Summer,2020,Chris.P,60,2,5,6,0.457976257707287,22,90.22619069,1.5175,0.4,0.415644289,1.208121235,0.67278118,54.6,0.605108667,59.61685848,10.207163,1.299,116.62
CR07,CR-OP07_O_S2021,OP-CR,7,Off,Summer,2021,Chris.P,49,4,0,6,0.105220256540117,10,90.22619069,1.5175,0.4,0.415644289,1.208121235,0.67278118,54.6,0.605108667,59.61685848,10.207163,1.299,116.62
CR07,CR-OP07_O_W2019,OP-CR,7,Off,Winter,2019,Katie.E,60,4,0,5,0.661882278649236,38,90.22619069,1.5175,0.4,0.415644289,1.208121235,0.67278118,54.6,0.605108667,59.61685848,10.207163,1.299,116.62
CR07,CR-OP07_O_W2020,OP-CR,7,Off,Winter,2020,Chris.P,60,3,0,4,1.09861228866811,2,90.22619069,1.5175,0.4,0.415644289,1.208121235,0.67278118,54.6,0.605108667,59.61685848,10.207163,1.299,116.62
CR08,CR-OP08_E_S2021,OP-CR,8,Edge,Summer,2021,Sophie.R,60,3.571428571,0,12,0.301984752091812,118,147.7037318,1.386,0.41,0.48772338,1.141940993,0.469154608,68.25,0.462045266,57.10008778,7.262918974,1.332,146.55
CR08,CR-OP08_E_W2019,OP-CR,8,Edge,Winter,2019,Katie.E,60,4,0,4,0.696021207330433,509,147.7037318,1.386,0.41,0.48772338,1.141940993,0.469154608,68.25,0.462045266,57.10008778,7.262918974,1.332,146.55
CR08,CR-OP08_E_W2020,OP-CR,8,Edge,Winter,2020,Chris.P,60,2,0,2,0.486912709464602,63,147.7037318,1.386,0.41,0.48772338,1.141940993,0.469154608,68.25,0.462045266,57.10008778,7.262918974,1.332,146.55
CR08,CR-OP08_O_S2021,OP-CR,8,Off,Summer,2021,Chris.P,60,4,11.3,12,0.156931239199296,56,147.7037318,1.386,0.41,0.48772338,1.141940993,0.469154608,68.25,0.462045266,57.10008778,7.262918974,1.332,146.55
CR09,CR-OP09_C_S2020,OP-CR,9,Centre,Summer,2020,Chris.P,60,2.857142857,0,5,0.76475441956742,15,545.868914,1.232978723,0.58,0.316118609,1.068291313,0.212304113,117.16,0.214621674,69.84915876,22.38573712,1.358,563.32
CR09,CR-OP09_C_S2021,OP-CR,9,Centre,Summer,2021,Chris.P,61,2.857142857,0,8,0.858784977186744,47,545.868914,1.232978723,0.58,0.316118609,1.068291313,0.212304113,117.16,0.214621674,69.84915876,22.38573712,1.358,563.32
CR09,CR-OP09_E_S2021,OP-CR,9,Edge,Summer,2021,Chris.P,60,2.857142857,0,12,0.510602695368011,21,545.868914,1.232978723,0.58,0.316118609,1.068291313,0.212304113,117.16,0.214621674,69.84915876,22.38573712,1.358,563.32
CR09,CR-OP09_E_W2019,OP-CR,9,Edge,Winter,2019,Katie.E,60,4,0,5,1.00267501335914,27,545.868914,1.232978723,0.58,0.316118609,1.068291313,0.212304113,117.16,0.214621674,69.84915876,22.38573712,1.358,563.32
CR09,CR-OP09_E_W2020,OP-CR,9,Edge,Winter,2020,Chris.P,39,3.25,0,3,0.673011667009256,25,545.868914,1.232978723,0.58,0.316118609,1.068291313,0.212304113,117.16,0.214621674,69.84915876,22.38573712,1.358,563.32
CR09,CR-OP09_O_S2020,OP-CR,9,Off,Summer,2020,Chris.P,60,2.142857143,0,11,1.22259949705187,308,545.868914,1.232978723,0.58,0.316118609,1.068291313,0.212304113,117.16,0.214621674,69.84915876,22.38573712,1.358,563.32
CR09,CR-OP09_O_S2021,OP-CR,9,Off,Summer,2021,Chris.P,60,4,0,17,0.676827239156274,137,545.868914,1.232978723,0.58,0.316118609,1.068291313,0.212304113,117.16,0.214621674,69.84915876,22.38573712,1.358,563.32
CR09,CR-OP09_O_W2020,OP-CR,9,Off,Winter,2020,Chris.P,60,4,27.8,8,1.03720782248146,56,545.868914,1.232978723,0.58,0.316118609,1.068291313,0.212304113,117.16,0.214621674,69.84915876,22.38573712,1.358,563.32
CR10,CR-OP10_C_S2020,OP-CR,10,Centre,Summer,2020,Chris.P,60,3.285714286,0,8,1.16318854436021,65,453.4980285,1.295348837,0.92,0.454001989,1.087748084,0.245663943,109.19,0.240780099,115.0945748,27.61413951,1.366,552.5
CR10,CR-OP10_C_S2021,OP-CR,10,Centre,Summer,2021,Chris.P,60,3.857142857,0,10,0.253968207349924,66,453.4980285,1.295348837,0.92,0.454001989,1.087748084,0.245663943,109.19,0.240780099,115.0945748,27.61413951,1.366,552.5
CR10,CR-OP10_E_S2020,OP-CR,10,Edge,Summer,2020,Chris.P,58,4,0,13,1.24551125731481,47,453.4980285,1.295348837,0.92,0.454001989,1.087748084,0.245663943,109.19,0.240780099,115.0945748,27.61413951,1.366,552.5
CR10,CR-OP10_E_S2021,OP-CR,10,Edge,Summer,2021,Chris.P,60,4,19.4,18,1.33213021142918,126,453.4980285,1.295348837,0.92,0.454001989,1.087748084,0.245663943,109.19,0.240780099,115.0945748,27.61413951,1.366,552.5
CR10,CR-OP10_E_W2020,OP-CR,10,Edge,Winter,2020,Chris.P,60,2,0,4,0.604536484580802,41,453.4980285,1.295348837,0.92,0.454001989,1.087748084,0.245663943,109.19,0.240780099,115.0945748,27.61413951,1.366,552.5
CR10,CR-OP10_O_S2020,OP-CR,10,Off,Summer,2020,Chris.P,60,4,51.8,16,0.721984685670156,64,453.4980285,1.295348837,0.92,0.454001989,1.087748084,0.245663943,109.19,0.240780099,115.0945748,27.61413951,1.366,552.5
CR10,CR-OP10_O_S2021,OP-CR,10,Off,Summer,2021,Chris.P,60,3.714285714,15,15,0.611477656537462,84,453.4980285,1.295348837,0.92,0.454001989,1.087748084,0.245663943,109.19,0.240780099,115.0945748,27.61413951,1.366,552.5
CR10,CR-OP10_O_W2019,OP-CR,10,Off,Winter,2019,Katie.E,60,3.571428571,51.7,4,0.735621939758795,8,453.4980285,1.295348837,0.92,0.454001989,1.087748084,0.245663943,109.19,0.240780099,115.0945748,27.61413951,1.366,552.5
PH01,SY-PH01_C_S2020,SY-PH,1,Centre,Summer,2020,Daniella.C,60,3.714285714,0,6,0.887694275799104,36,1179.941921,2.261940299,0.16,0.74137722,1.233115825,0.27112428,251,0.212722334,14.14824224,2.652757366,1.55325,2338.89
PH01,SY-PH01_C_W2020,SY-PH,1,Centre,Winter,2020,Chris.P,60,4,0,7,0.913441079115832,250,1179.941921,2.261940299,0.16,0.74137722,1.233115825,0.27112428,251,0.212722334,14.14824224,2.652757366,1.55325,2338.89
PH01,SY-PH01_E_S2021,SY-PH,1,Edge,Summer,2021,Chris.P,60,3.857142857,0,9,0.842026502095145,37,1179.941921,2.261940299,0.16,0.74137722,1.233115825,0.27112428,251,0.212722334,14.14824224,2.652757366,1.55325,2338.89
PH01,SY-PH01_E_W2019,SY-PH,1,Edge,Winter,2019,Katie.E,60,4,0,10,1.19865783850767,264,1179.941921,2.261940299,0.16,0.74137722,1.233115825,0.27112428,251,0.212722334,14.14824224,2.652757366,1.55325,2338.89
PH01,SY-PH01_E_W2020,SY-PH,1,Edge,Winter,2020,Chris.P,60,3.857142857,0,8,1.18300173104063,185,1179.941921,2.261940299,0.16,0.74137722,1.233115825,0.27112428,251,0.212722334,14.14824224,2.652757366,1.55325,2338.89
PH01,SY-PH01_O_S2020,SY-PH,1,Off,Summer,2020,Daniella.C,60,3.714285714,0,7,0.161413915933885,169,1179.941921,2.261940299,0.16,0.74137722,1.233115825,0.27112428,251,0.212722334,14.14824224,2.652757366,1.55325,2338.89
PH01,SY-PH01_O_S2021,SY-PH,1,Off,Summer,2021,Chris.P,60,4,4.4,4,0.101264817566792,96,1179.941921,2.261940299,0.16,0.74137722,1.233115825,0.27112428,251,0.212722334,14.14824224,2.652757366,1.55325,2338.89
PH01,SY-PH01_O_W2019,SY-PH,1,Off,Winter,2019,Katie.E,60,3.857142857,0,5,0.867931565974097,357,1179.941921,2.261940299,0.16,0.74137722,1.233115825,0.27112428,251,0.212722334,14.14824224,2.652757366,1.55325,2338.89
PH01,SY-PH01_O_W2020,SY-PH,1,Off,Winter,2020,Chris.P,60,4,6.1,8,1.01747325002209,613,1179.941921,2.261940299,0.16,0.74137722,1.233115825,0.27112428,251,0.212722334,14.14824224,2.652757366,1.55325,2338.89
PH02,SY-PH02_C_S2020,SY-PH,2,Centre,Summer,2020,Daniella.C,60,4,0,6,0.446726973181231,85,186.9834187,1.498148148,0.09,0.560839087,1.155781865,0.444835455,63.1,0.337463078,10.58073529,1.945639937,1.717,239.16
PH02,SY-PH02_C_S2021,SY-PH,2,Centre,Summer,2021,Chris.P,60,3.142857143,0,5,0.617844179366747,53,186.9834187,1.498148148,0.09,0.560839087,1.155781865,0.444835455,63.1,0.337463078,10.58073529,1.945639937,1.717,239.16
PH02,SY-PH02_C_W2019,SY-PH,2,Centre,Winter,2019,Katie.E,60,4,0,5,1.24853778654509,73,186.9834187,1.498148148,0.09,0.560839087,1.155781865,0.444835455,63.1,0.337463078,10.58073529,1.945639937,1.717,239.16
PH02,SY-PH02_C_W2020,SY-PH,2,Centre,Winter,2020,Chris.P,60,4,0,8,0.975832535379246,51,186.9834187,1.498148148,0.09,0.560839087,1.155781865,0.444835455,63.1,0.337463078,10.58073529,1.945639937,1.717,239.16
PH02,SY-PH02_E_S2020,SY-PH,2,Edge,Summer,2020,Daniella.C,60,3.857142857,34.7,7,1.31417098225282,198,186.9834187,1.498148148,0.09,0.560839087,1.155781865,0.444835455,63.1,0.337463078,10.58073529,1.945639937,1.717,239.16
PH02,SY-PH02_E_S2021,SY-PH,2,Edge,Summer,2021,Chris.P,60,3.571428571,0,7,0.857174043642079,45,186.9834187,1.498148148,0.09,0.560839087,1.155781865,0.444835455,63.1,0.337463078,10.58073529,1.945639937,1.717,239.16
PH02,SY-PH02_E_W2019,SY-PH,2,Edge,Winter,2019,Katie.E,60,3.714285714,0,8,1.66154992035289,157,186.9834187,1.498148148,0.09,0.560839087,1.155781865,0.444835455,63.1,0.337463078,10.58073529,1.945639937,1.717,239.16
PH02,SY-PH02_E_W2020,SY-PH,2,Edge,Winter,2020,Chris.P,60,4,0,10,1.40022415688195,49,186.9834187,1.498148148,0.09,0.560839087,1.155781865,0.444835455,63.1,0.337463078,10.58073529,1.945639937,1.717,239.16
PH02,SY-PH02_O_S2020,SY-PH,2,Off,Summer,2020,Daniella.C,60,4,0,9,0.0800531879335698,171,186.9834187,1.498148148,0.09,0.560839087,1.155781865,0.444835455,63.1,0.337463078,10.58073529,1.945639937,1.717,239.16
PH02,SY-PH02_O_S2021,SY-PH,2,Off,Summer,2021,Sophie.R,60,3.857142857,11.9,6,0.413436364046003,253,186.9834187,1.498148148,0.09,0.560839087,1.155781865,0.444835455,63.1,0.337463078,10.58073529,1.945639937,1.717,239.16
PH02,SY-PH02_O_W2019,SY-PH,2,Off,Winter,2019,Katie.E,60,3.857142857,0,8,0.722637496387025,327,186.9834187,1.498148148,0.09,0.560839087,1.155781865,0.444835455,63.1,0.337463078,10.58073529,1.945639937,1.717,239.16
PH03,SY-PH03_C_S2020,SY-PH,3,Centre,Summer,2020,Daniella.C,60,3.714285714,0,6,0.364492925166066,86,16.6646319,1.5625,0.08,0.597216461,1.310897812,1.233451196,16.2,0.972118682,9.513187519,0.784683385,1.676,20.08
PH03,SY-PH03_C_W2019,SY-PH,3,Centre,Winter,2019,Chris.P,60,4,0,8,0.743146913454317,124,16.6646319,1.5625,0.08,0.597216461,1.310897812,1.233451196,16.2,0.972118682,9.513187519,0.784683385,1.676,20.08
PH03,SY-PH03_C_W2020,SY-PH,3,Centre,Winter,2020,Chris.P,60,4,0,6,0.966177407884922,104,16.6646319,1.5625,0.08,0.597216461,1.310897812,1.233451196,16.2,0.972118682,9.513187519,0.784683385,1.676,20.08
PH03,SY-PH03_E_S2020,SY-PH,3,Edge,Summer,2020,Daniella.C,60,4,0,7,0.396866338894125,103,16.6646319,1.5625,0.08,0.597216461,1.310897812,1.233451196,16.2,0.972118682,9.513187519,0.784683385,1.676,20.08
PH03,SY-PH03_E_S2021,SY-PH,3,Edge,Summer,2021,Chris.P,60,3.285714286,0,7,1.35761336717682,44,16.6646319,1.5625,0.08,0.597216461,1.310897812,1.233451196,16.2,0.972118682,9.513187519,0.784683385,1.676,20.08
PH03,SY-PH03_E_W2019,SY-PH,3,Edge,Winter,2019,Katie.E,60,4,0,10,1.41086349322032,354,16.6646319,1.5625,0.08,0.597216461,1.310897812,1.233451196,16.2,0.972118682,9.513187519,0.784683385,1.676,20.08
PH03,SY-PH03_E_W2020,SY-PH,3,Edge,Winter,2020,Chris.P,60,4,0,11,1.5293374768574,160,16.6646319,1.5625,0.08,0.597216461,1.310897812,1.233451196,16.2,0.972118682,9.513187519,0.784683385,1.676,20.08
PH03,SY-PH03_O_S2020,SY-PH,3,Off,Summer,2020,Daniella.C,60,4,13.8,7,0.062935592177658,154,16.6646319,1.5625,0.08,0.597216461,1.310897812,1.233451196,16.2,0.972118682,9.513187519,0.784683385,1.676,20.08
PH03,SY-PH03_O_S2021,SY-PH,3,Off,Summer,2021,Chris.P,60,3.857142857,17.5,9,1.32383040025526,47,16.6646319,1.5625,0.08,0.597216461,1.310897812,1.233451196,16.2,0.972118682,9.513187519,0.784683385,1.676,20.08
PH03,SY-PH03_O_W2020,SY-PH,3,Off,Winter,2020,Chris.P,60,4,18.4,6,1.06198030726907,188,16.6646319,1.5625,0.08,0.597216461,1.310897812,1.233451196,16.2,0.972118682,9.513187519,0.784683385,1.676,20.08
PH04,SY-PH04_C_S2020,SY-PH,4,Centre,Summer,2020,Daniella.C,60,3.857142857,0,5,1.00906737197549,81,7.876759,1.058333333,0.07,0.319873738,1.119650577,1.612698413,10.58,1.342569958,9.950334285,0.784683385,1.926,22.36
PH04,SY-PH04_C_S2021,SY-PH,4,Centre,Summer,2021,Sophie.R,60,3.857142857,0,4,0.119613627048125,1152,7.876759,1.058333333,0.07,0.319873738,1.119650577,1.612698413,10.58,1.342569958,9.950334285,0.784683385,1.926,22.36
PH04,SY-PH04_C_W2020,SY-PH,4,Centre,Winter,2020,Chris.P,60,4,0,6,0.801818552543337,10,7.876759,1.058333333,0.07,0.319873738,1.119650577,1.612698413,10.58,1.342569958,9.950334285,0.784683385,1.926,22.36
PH04,SY-PH04_E_S2020,SY-PH,4,Edge,Summer,2020,Daniella.C,60,4,0,8,1.33575692067149,126,7.876759,1.058333333,0.07,0.319873738,1.119650577,1.612698413,10.58,1.342569958,9.950334285,0.784683385,1.926,22.36
PH04,SY-PH04_E_W2019,SY-PH,4,Edge,Winter,2019,Katie.E,60,4,0,10,1.33118667692003,101,7.876759,1.058333333,0.07,0.319873738,1.119650577,1.612698413,10.58,1.342569958,9.950334285,0.784683385,1.926,22.36
PH04,SY-PH04_E_W2020,SY-PH,4,Edge,Winter,2020,Chris.P,60,4,0,10,1.55075853928511,29,7.876759,1.058333333,0.07,0.319873738,1.119650577,1.612698413,10.58,1.342569958,9.950334285,0.784683385,1.926,22.36
PH04,SY-PH04_O_S2020,SY-PH,4,Off,Summer,2020,Daniella.C,60,3,0,11,0.0753195466033725,66,7.876759,1.058333333,0.07,0.319873738,1.119650577,1.612698413,10.58,1.342569958,9.950334285,0.784683385,1.926,22.36
PH04,SY-PH04_O_S2021,SY-PH,4,Off,Summer,2021,Chris.P,60,4,0,4,0.184393950535245,239,7.876759,1.058333333,0.07,0.319873738,1.119650577,1.612698413,10.58,1.342569958,9.950334285,0.784683385,1.926,22.36
PH04,SY-PH04_O_W2019,SY-PH,4,Off,Winter,2019,Katie.E,60,3.714285714,0,7,0.493893152392368,211,7.876759,1.058333333,0.07,0.319873738,1.119650577,1.612698413,10.58,1.342569958,9.950334285,0.784683385,1.926,22.36
PH04,SY-PH04_O_W2020,SY-PH,4,Off,Winter,2020,Chris.P,60,4,0,9,0.965728302692718,147,7.876759,1.058333333,0.07,0.319873738,1.119650577,1.612698413,10.58,1.342569958,9.950334285,0.784683385,1.926,22.36
PH05,SY-PH05_C_S2021,SY-PH,5,Centre,Summer,2021,Chris.P,60,4,0,6,0.810158518903808,225,11.926792,1.192857143,0.08,0.586372453,1.151783472,1.39632107,14.82,1.242521124,11.56170798,1.213095308,1.9,31.28
PH05,SY-PH05_C_W2019,SY-PH,5,Centre,Winter,2019,Katie.E,60,4,0,8,1.36362688365627,210,11.926792,1.192857143,0.08,0.586372453,1.151783472,1.39632107,14.82,1.242521124,11.56170798,1.213095308,1.9,31.28
PH05,SY-PH05_C_W2020,SY-PH,5,Centre,Winter,2020,Chris.P,60,4,0,7,0.79260280380457,49,11.926792,1.192857143,0.08,0.586372453,1.151783472,1.39632107,14.82,1.242521124,11.56170798,1.213095308,1.9,31.28
PH05,SY-PH05_E_S2020,SY-PH,5,Edge,Summer,2020,Daniella.C,60,4,0,8,1.44978245432963,84,11.926792,1.192857143,0.08,0.586372453,1.151783472,1.39632107,14.82,1.242521124,11.56170798,1.213095308,1.9,31.28
PH05,SY-PH05_E_S2021,SY-PH,5,Edge,Summer,2021,Chris.P,60,4,0,7,1.24231166766712,51,11.926792,1.192857143,0.08,0.586372453,1.151783472,1.39632107,14.82,1.242521124,11.56170798,1.213095308,1.9,31.28
PH05,SY-PH05_E_W2019,SY-PH,5,Edge,Winter,2019,Katie.E,60,3.714285714,0,11,1.02891040612304,452,11.926792,1.192857143,0.08,0.586372453,1.151783472,1.39632107,14.82,1.242521124,11.56170798,1.213095308,1.9,31.28
PH05,SY-PH05_O_S2020,SY-PH,5,Off,Summer,2020,Daniella.C,60,3,0,9,0.601189168474525,137,11.926792,1.192857143,0.08,0.586372453,1.151783472,1.39632107,14.82,1.242521124,11.56170798,1.213095308,1.9,31.28
PH05,SY-PH05_O_S2021,SY-PH,5,Off,Summer,2021,Chris.P,60,4,16.4,8,1.19815032828908,35,11.926792,1.192857143,0.08,0.586372453,1.151783472,1.39632107,14.82,1.242521124,11.56170798,1.213095308,1.9,31.28
PH05,SY-PH05_O_W2020,SY-PH,5,Off,Winter,2020,Chris.P,60,3.857142857,6.3,9,1.2110390242186,363,11.926792,1.192857143,0.08,0.586372453,1.151783472,1.39632107,14.82,1.242521124,11.56170798,1.213095308,1.9,31.28
PH06,SY-PH06_C_S2020,SY-PH,6,Centre,Summer,2020,Lydia.K,60,4,0,7,0.854097533906881,45,88.97210062,3.013888889,0.05,0.904427434,1.516938058,1.398331024,85.7,0.963223296,6.139772936,0.858330247,1.756,122.01
PH06,SY-PH06_C_S2021,SY-PH,6,Centre,Summer,2021,Chris.P,25,4,0,4,0.96242906991593,79,88.97210062,3.013888889,0.05,0.904427434,1.516938058,1.398331024,85.7,0.963223296,6.139772936,0.858330247,1.756,122.01
PH06,SY-PH06_C_W2019,SY-PH,6,Centre,Winter,2019,Chris.P,60,3.285714286,0,6,1.14318241012369,56,88.97210062,3.013888889,0.05,0.904427434,1.516938058,1.398331024,85.7,0.963223296,6.139772936,0.858330247,1.756,122.01
PH06,SY-PH06_C_W2020,SY-PH,6,Centre,Winter,2020,Chris.P,60,4,0,7,1.17055186753546,14,88.97210062,3.013888889,0.05,0.904427434,1.516938058,1.398331024,85.7,0.963223296,6.139772936,0.858330247,1.756,122.01
PH06,SY-PH06_E_S2021,SY-PH,6,Edge,Summer,2021,Sophie.R,56,3.857142857,0,8,1.28309105152002,100,88.97210062,3.013888889,0.05,0.904427434,1.516938058,1.398331024,85.7,0.963223296,6.139772936,0.858330247,1.756,122.01
PH06,SY-PH06_E_W2019,SY-PH,6,Edge,Winter,2019,Chris.P,60,3.714285714,0,11,1.34526737656788,69,88.97210062,3.013888889,0.05,0.904427434,1.516938058,1.398331024,85.7,0.963223296,6.139772936,0.858330247,1.756,122.01
PH06,SY-PH06_E_W2020,SY-PH,6,Edge,Winter,2020,Chris.P,58,4,0,9,0.970099067794825,55,88.97210062,3.013888889,0.05,0.904427434,1.516938058,1.398331024,85.7,0.963223296,6.139772936,0.858330247,1.756,122.01
PH06,SY-PH06_O_S2020,SY-PH,6,Off,Summer,2020,Lydia.K,60,3.5,0,10,0.951855609529534,192,88.97210062,3.013888889,0.05,0.904427434,1.516938058,1.398331024,85.7,0.963223296,6.139772936,0.858330247,1.756,122.01
PH06,SY-PH06_O_S2021,SY-PH,6,Off,Summer,2021,Chris.P,60,3.285714286,0,6,0.357931803290648,145,88.97210062,3.013888889,0.05,0.904427434,1.516938058,1.398331024,85.7,0.963223296,6.139772936,0.858330247,1.756,122.01
PH06,SY-PH06_O_W2019,SY-PH,6,Off,Winter,2019,Chris.P,60,3.428571429,0,6,0.663332488442489,252,88.97210062,3.013888889,0.05,0.904427434,1.516938058,1.398331024,85.7,0.963223296,6.139772936,0.858330247,1.756,122.01
PH06,SY-PH06_O_W2020,SY-PH,6,Off,Winter,2020,Chris.P,60,3.857142857,5.2,6,0.829812859437342,434,88.97210062,3.013888889,0.05,0.904427434,1.516938058,1.398331024,85.7,0.963223296,6.139772936,0.858330247,1.756,122.01
PH07,SY-PH07_C_S2021,SY-PH,7,Centre,Summer,2021,Chris.P,60,3.571428571,0,6,0.729774721449293,66,22.47892058,1.644444444,0.06,0.454402694,1.354263186,1.540262781,23.7,1.054321088,8.909148427,0.496747923,1.961,38.04
PH07,SY-PH07_C_W2019,SY-PH,7,Centre,Winter,2019,Katie.E,60,4,0,6,1.12009841683692,100,22.47892058,1.644444444,0.06,0.454402694,1.354263186,1.540262781,23.7,1.054321088,8.909148427,0.496747923,1.961,38.04
PH07,SY-PH07_E_S2020,SY-PH,7,Edge,Summer,2020,Lydia.K,60,3.714285714,0,8,1.02021337303786,92,22.47892058,1.644444444,0.06,0.454402694,1.354263186,1.540262781,23.7,1.054321088,8.909148427,0.496747923,1.961,38.04
PH07,SY-PH07_E_W2019,SY-PH,7,Edge,Winter,2019,Katie.E,60,4,0,6,0.717734231834884,145,22.47892058,1.644444444,0.06,0.454402694,1.354263186,1.540262781,23.7,1.054321088,8.909148427,0.496747923,1.961,38.04
PH07,SY-PH07_O_S2020,SY-PH,7,Off,Summer,2020,Lydia.K,46,4,0,6,0.204545294938492,165,22.47892058,1.644444444,0.06,0.454402694,1.354263186,1.540262781,23.7,1.054321088,8.909148427,0.496747923,1.961,38.04
PH07,SY-PH07_O_S2021,SY-PH,7,Off,Summer,2021,Chris.P,60,4,0,6,0.133692853022698,230,22.47892058,1.644444444,0.06,0.454402694,1.354263186,1.540262781,23.7,1.054321088,8.909148427,0.496747923,1.961,38.04
PH07,SY-PH07_O_W2019,SY-PH,7,Off,Winter,2019,Katie.E,60,3.714285714,0,6,0.606475421088203,142,22.47892058,1.644444444,0.06,0.454402694,1.354263186,1.540262781,23.7,1.054321088,8.909148427,0.496747923,1.961,38.04
PH07,SY-PH07_O_W2020,SY-PH,7,Off,Winter,2020,Chris.P,60,4,0,9,0.92480532011974,147,22.47892058,1.644444444,0.06,0.454402694,1.354263186,1.540262781,23.7,1.054321088,8.909148427,0.496747923,1.961,38.04
PH08,SY-PH08_C_S2020,SY-PH,8,Centre,Summer,2020,Lydia.K,60,4,0,6,0.757252934557872,61,18.77371585,1.288888889,0.07,0.371163751,1.231534288,1.335636154,19.1,1.017379839,8.412641343,0.496747923,1.941,33.65
PH08,SY-PH08_C_S2021,SY-PH,8,Centre,Summer,2021,Chris.P,60,2,0,5,1.1440964689154,59,18.77371585,1.288888889,0.07,0.371163751,1.231534288,1.335636154,19.1,1.017379839,8.412641343,0.496747923,1.941,33.65
PH08,SY-PH08_C_W2019,SY-PH,8,Centre,Winter,2019,Katie.E,60,4,0,6,0.904378491538655,54,18.77371585,1.288888889,0.07,0.371163751,1.231534288,1.335636154,19.1,1.017379839,8.412641343,0.496747923,1.941,33.65
PH08,SY-PH08_C_W2020,SY-PH,8,Centre,Winter,2020,Chris.P,60,4,0,6,0.268457101627266,29,18.77371585,1.288888889,0.07,0.371163751,1.231534288,1.335636154,19.1,1.017379839,8.412641343,0.496747923,1.941,33.65
PH08,SY-PH08_E_S2020,SY-PH,8,Edge,Summer,2020,Lydia.K,60,4,0,8,1.26073386149858,34,18.77371585,1.288888889,0.07,0.371163751,1.231534288,1.335636154,19.1,1.017379839,8.412641343,0.496747923,1.941,33.65
PH08,SY-PH08_E_S2021,SY-PH,8,Edge,Summer,2021,Chris.P,47,3.8,0,10,1.59087622306032,60,18.77371585,1.288888889,0.07,0.371163751,1.231534288,1.335636154,19.1,1.017379839,8.412641343,0.496747923,1.941,33.65
PH08,SY-PH08_E_W2019,SY-PH,8,Edge,Winter,2019,Katie.E,60,4,0,10,1.13551513957239,182,18.77371585,1.288888889,0.07,0.371163751,1.231534288,1.335636154,19.1,1.017379839,8.412641343,0.496747923,1.941,33.65
PH08,SY-PH08_E_W2020,SY-PH,8,Edge,Winter,2020,Chris.P,60,4,0,9,1.11100592190252,64,18.77371585,1.288888889,0.07,0.371163751,1.231534288,1.335636154,19.1,1.017379839,8.412641343,0.496747923,1.941,33.65
PH08,SY-PH08_O_S2020,SY-PH,8,Off,Summer,2020,Lydia.K,60,4,15.4,9,1.0839300708644,181,18.77371585,1.288888889,0.07,0.371163751,1.231534288,1.335636154,19.1,1.017379839,8.412641343,0.496747923,1.941,33.65
PH08,SY-PH08_O_W2019,SY-PH,8,Off,Winter,2019,Katie.E,60,3.857142857,0,6,0.455634369985145,265,18.77371585,1.288888889,0.07,0.371163751,1.231534288,1.335636154,19.1,1.017379839,8.412641343,0.496747923,1.941,33.65
PH09,SY-PH09_C_S2020,SY-PH,9,Centre,Summer,2020,Lydia.K,60,4,0,9,1.03031964186564,88,19.86565155,1.133333333,0.09,0.418806764,1.170330809,1.26023166,16.4,0.825545538,10.231299,1.519785275,1.906,30.24
PH09,SY-PH09_C_S2021,SY-PH,9,Centre,Summer,2021,Sophie.R,61,4,0,5,1.27887766086471,103,19.86565155,1.133333333,0.09,0.418806764,1.170330809,1.26023166,16.4,0.825545538,10.231299,1.519785275,1.906,30.24
PH09,SY-PH09_C_W2019,SY-PH,9,Centre,Winter,2019,Katie.E,60,4,0,6,0.50662043182517,62,19.86565155,1.133333333,0.09,0.418806764,1.170330809,1.26023166,16.4,0.825545538,10.231299,1.519785275,1.906,30.24
PH09,SY-PH09_C_W2020,SY-PH,9,Centre,Winter,2020,Chris.P,60,3.571428571,0,7,0.775038430524134,77,19.86565155,1.133333333,0.09,0.418806764,1.170330809,1.26023166,16.4,0.825545538,10.231299,1.519785275,1.906,30.24
PH09,SY-PH09_E_S2020,SY-PH,9,Edge,Summer,2020,Lydia.K,45,4,16.9,7,1.27171462885386,39,19.86565155,1.133333333,0.09,0.418806764,1.170330809,1.26023166,16.4,0.825545538,10.231299,1.519785275,1.906,30.24
PH09,SY-PH09_E_S2021,SY-PH,9,Edge,Summer,2021,Chris.P,60,4,7.7,7,1.02052705940558,39,19.86565155,1.133333333,0.09,0.418806764,1.170330809,1.26023166,16.4,0.825545538,10.231299,1.519785275,1.906,30.24
PH09,SY-PH09_E_W2019,SY-PH,9,Edge,Winter,2019,Katie.E,56,3.5,0,7,1.17736994486566,26,19.86565155,1.133333333,0.09,0.418806764,1.170330809,1.26023166,16.4,0.825545538,10.231299,1.519785275,1.906,30.24
PH09,SY-PH09_O_S2020,SY-PH,9,Off,Summer,2020,Lydia.K,60,4,0,7,0.754719387975028,122,19.86565155,1.133333333,0.09,0.418806764,1.170330809,1.26023166,16.4,0.825545538,10.231299,1.519785275,1.906,30.24
PH09,SY-PH09_O_W2020,SY-PH,9,Off,Winter,2020,Chris.P,60,3.714285714,0,8,1.02416433713398,132,19.86565155,1.133333333,0.09,0.418806764,1.170330809,1.26023166,16.4,0.825545538,10.231299,1.519785275,1.906,30.24
PH10,SY-PH10_C_S2020,SY-PH,10,Centre,Summer,2020,Lydia.K,60,4,0,7,0.867563228481461,6,24.88597399,1.29,0.18,0.526447064,1.180441488,1.096472588,19.9,0.799647223,17.71018024,2.652757366,1.824,35.78
PH10,SY-PH10_C_S2021,SY-PH,10,Centre,Summer,2021,Chris.P,60,3.857142857,0,5,0.682354206316265,56,24.88597399,1.29,0.18,0.526447064,1.180441488,1.096472588,19.9,0.799647223,17.71018024,2.652757366,1.824,35.78
PH10,SY-PH10_C_W2020,SY-PH,10,Centre,Winter,2020,Chris.P,60,3.428571429,0,8,0.328045233855907,9,24.88597399,1.29,0.18,0.526447064,1.180441488,1.096472588,19.9,0.799647223,17.71018024,2.652757366,1.824,35.78
PH10,SY-PH10_E_S2020,SY-PH,10,Edge,Summer,2020,Lydia.K,60,3.714285714,0,9,1.22974249031457,69,24.88597399,1.29,0.18,0.526447064,1.180441488,1.096472588,19.9,0.799647223,17.71018024,2.652757366,1.824,35.78
PH10,SY-PH10_E_S2021,SY-PH,10,Edge,Summer,2021,Chris.P,60,4,3.3,8,1.42412607420313,91,24.88597399,1.29,0.18,0.526447064,1.180441488,1.096472588,19.9,0.799647223,17.71018024,2.652757366,1.824,35.78
PH10,SY-PH10_E_W2019,SY-PH,10,Edge,Winter,2019,Katie.E,60,4,0,9,1.15378530308099,231,24.88597399,1.29,0.18,0.526447064,1.180441488,1.096472588,19.9,0.799647223,17.71018024,2.652757366,1.824,35.78
PH10,SY-PH10_E_W2020,SY-PH,10,Edge,Winter,2020,Chris.P,60,4,0,10,1.16829222225361,290,24.88597399,1.29,0.18,0.526447064,1.180441488,1.096472588,19.9,0.799647223,17.71018024,2.652757366,1.824,35.78
PH10,SY-PH10_O_S2020,SY-PH,10,Off,Summer,2020,Lydia.K,60,4,0,6,0.475033902182446,60,24.88597399,1.29,0.18,0.526447064,1.180441488,1.096472588,19.9,0.799647223,17.71018024,2.652757366,1.824,35.78
PH10,SY-PH10_O_S2021,SY-PH,10,Off,Summer,2021,Chris.P,60,3.285714286,4.4,5,0.41879706524285,192,24.88597399,1.29,0.18,0.526447064,1.180441488,1.096472588,19.9,0.799647223,17.71018024,2.652757366,1.824,35.78
PH10,SY-PH10_O_W2019,SY-PH,10,Off,Winter,2019,Katie.E,60,4,0,7,0.811976441449099,633,24.88597399,1.29,0.18,0.526447064,1.180441488,1.096472588,19.9,0.799647223,17.71018024,2.652757366,1.824,35.78
PH10,SY-PH10_O_W2020,SY-PH,10,Off,Winter,2020,Chris.P,60,4,0,8,0.960457258567271,361,24.88597399,1.29,0.18,0.526447064,1.180441488,1.096472588,19.9,0.799647223,17.71018024,2.652757366,1.824,35.78
PH11,SY-PH11_C_S2021,SY-PH,11,Centre,Summer,2021,Chris.P,60,4,0,5,0.534030213763813,79,36.06349272,1.420833333,0.1,0.63734796,1.225902565,1.03364656,26.4,0.73204224,11.0562659,1.762718361,1.957,56.99
PH11,SY-PH11_C_W2019,SY-PH,11,Centre,Winter,2019,Chris.P,60,4,0,4,1.03176711135054,13,36.06349272,1.420833333,0.1,0.63734796,1.225902565,1.03364656,26.4,0.73204224,11.0562659,1.762718361,1.957,56.99
PH11,SY-PH11_C_W2020,SY-PH,11,Centre,Winter,2020,Chris.P,60,4,0,6,0.318426365431367,2,36.06349272,1.420833333,0.1,0.63734796,1.225902565,1.03364656,26.4,0.73204224,11.0562659,1.762718361,1.957,56.99
PH11,SY-PH11_E_S2020,SY-PH,11,Edge,Summer,2020,Chris.P,58,3.857142857,0,7,0.317588040030711,25,36.06349272,1.420833333,0.1,0.63734796,1.225902565,1.03364656,26.4,0.73204224,11.0562659,1.762718361,1.957,56.99
PH11,SY-PH11_E_S2021,SY-PH,11,Edge,Summer,2021,Chris.P,60,3.857142857,0,8,1.28203720651487,44,36.06349272,1.420833333,0.1,0.63734796,1.225902565,1.03364656,26.4,0.73204224,11.0562659,1.762718361,1.957,56.99
PH11,SY-PH11_E_W2019,SY-PH,11,Edge,Winter,2019,Chris.P,59,4,0,9,1.4015918575877,119,36.06349272,1.420833333,0.1,0.63734796,1.225902565,1.03364656,26.4,0.73204224,11.0562659,1.762718361,1.957,56.99
PH11,SY-PH11_E_W2020,SY-PH,11,Edge,Winter,2020,Chris.P,60,4,0,9,0.680259665277612,316,36.06349272,1.420833333,0.1,0.63734796,1.225902565,1.03364656,26.4,0.73204224,11.0562659,1.762718361,1.957,56.99
PH11,SY-PH11_O_S2020,SY-PH,11,Off,Summer,2020,Chris.P,60,3.428571429,0,7,1.26734280334041,143,36.06349272,1.420833333,0.1,0.63734796,1.225902565,1.03364656,26.4,0.73204224,11.0562659,1.762718361,1.957,56.99
PH11,SY-PH11_O_S2021,SY-PH,11,Off,Summer,2021,Chris.P,60,4,7.8,4,0.558577924073418,28,36.06349272,1.420833333,0.1,0.63734796,1.225902565,1.03364656,26.4,0.73204224,11.0562659,1.762718361,1.957,56.99
PH11,SY-PH11_O_W2020,SY-PH,11,Off,Winter,2020,Chris.P,60,3.714285714,0,8,1.07416913511089,417,36.06349272,1.420833333,0.1,0.63734796,1.225902565,1.03364656,26.4,0.73204224,11.0562659,1.762718361,1.957,56.99
PH12,SY-PH12_C_S2020,SY-PH,12,Centre,Summer,2020,Chris.P,53,3.8,0,6,1.1165555160138,140,18.59866929,1.961111111,0.16,0.674809671,1.485600561,1.881913901,27.8,1.494730594,16.96450725,5.620106544,1.703,27.02
PH12,SY-PH12_C_S2021,SY-PH,12,Centre,Summer,2021,Chris.P,60,2.714285714,0,3,0.587692978166484,51,18.59866929,1.961111111,0.16,0.674809671,1.485600561,1.881913901,27.8,1.494730594,16.96450725,5.620106544,1.703,27.02
PH12,SY-PH12_C_W2019,SY-PH,12,Centre,Winter,2019,Chris.P,58,4,0,8,0.484530647822498,34,18.59866929,1.961111111,0.16,0.674809671,1.485600561,1.881913901,27.8,1.494730594,16.96450725,5.620106544,1.703,27.02
PH12,SY-PH12_E_S2020,SY-PH,12,Edge,Summer,2020,Chris.P,60,4,0,8,1.55176553725944,56,18.59866929,1.961111111,0.16,0.674809671,1.485600561,1.881913901,27.8,1.494730594,16.96450725,5.620106544,1.703,27.02
PH12,SY-PH12_E_S2021,SY-PH,12,Edge,Summer,2021,Chris.P,60,3.714285714,0,8,1.05886235176093,73,18.59866929,1.961111111,0.16,0.674809671,1.485600561,1.881913901,27.8,1.494730594,16.96450725,5.620106544,1.703,27.02
PH12,SY-PH12_E_W2019,SY-PH,12,Edge,Winter,2019,Katie.E,60,3.857142857,0,6,0.872939543766213,236,18.59866929,1.961111111,0.16,0.674809671,1.485600561,1.881913901,27.8,1.494730594,16.96450725,5.620106544,1.703,27.02
PH12,SY-PH12_E_W2020,SY-PH,12,Edge,Winter,2020,Chris.P,60,4,0,6,1.20321250685481,31,18.59866929,1.961111111,0.16,0.674809671,1.485600561,1.881913901,27.8,1.494730594,16.96450725,5.620106544,1.703,27.02
PH12,SY-PH12_O_S2021,SY-PH,12,Off,Summer,2021,Chris.P,60,3.857142857,0,4,0.189611059646639,234,18.59866929,1.961111111,0.16,0.674809671,1.485600561,1.881913901,27.8,1.494730594,16.96450725,5.620106544,1.703,27.02
PH12,SY-PH12_O_W2019,SY-PH,12,Off,Winter,2019,Katie.E,60,3.285714286,0,6,0.99257583645918,221,18.59866929,1.961111111,0.16,0.674809671,1.485600561,1.881913901,27.8,1.494730594,16.96450725,5.620106544,1.703,27.02
PH12,SY-PH12_O_W2020,SY-PH,12,Off,Winter,2020,Chris.P,60,3.857142857,0,5,0.37328196729898,302,18.59866929,1.961111111,0.16,0.674809671,1.485600561,1.881913901,27.8,1.494730594,16.96450725,5.620106544,1.703,27.02
TP01,SY-TP01_C_S2020,SY-TP,1,Centre,Summer,2020,Chris.P,60,3.571428571,0,10,1.35384869642955,199,135.7153886,1.2,271.83,0.424311183,1.086348531,0.424465733,47.12,0.347209568,147.8996633,5.650357446,1.502,165.55
TP01,SY-TP01_C_S2021,SY-TP,1,Centre,Summer,2021,Chris.P,60,3.285714286,0,10,0.609788375791982,150,135.7153886,1.2,271.83,0.424311183,1.086348531,0.424465733,47.12,0.347209568,147.8996633,5.650357446,1.502,165.55
TP01,SY-TP01_C_W2019,SY-TP,1,Centre,Winter,2019,Chris.P,60,3,0,4,0.457710067146241,21,135.7153886,1.2,271.83,0.424311183,1.086348531,0.424465733,47.12,0.347209568,147.8996633,5.650357446,1.502,165.55
TP01,SY-TP01_E_S2021,SY-TP,1,Edge,Summer,2021,Chris.P,60,3.571428571,0,13,0.876681449481851,190,135.7153886,1.2,271.83,0.424311183,1.086348531,0.424465733,47.12,0.347209568,147.8996633,5.650357446,1.502,165.55
TP01,SY-TP01_E_W2020,SY-TP,1,Edge,Winter,2020,Chris.P,60,3.285714286,0,5,0.538589869081224,37,135.7153886,1.2,271.83,0.424311183,1.086348531,0.424465733,47.12,0.347209568,147.8996633,5.650357446,1.502,165.55
TP01,SY-TP01_O_S2020,SY-TP,1,Off,Summer,2020,Chris.P,60,3,0,9,1.11100592190252,64,135.7153886,1.2,271.83,0.424311183,1.086348531,0.424465733,47.12,0.347209568,147.8996633,5.650357446,1.502,165.55
TP03,SY-TP03_C_S2020,SY-TP,3,Centre,Summer,2020,Lydia.K,60,2.714285714,0,9,0.485519641954082,60,256.3246402,1.409090909,233.01,0.601319747,1.134504191,0.362774641,80.12,0.312578484,126.8379531,0.634932897,1.421,352.1
TP03,SY-TP03_C_S2021,SY-TP,3,Centre,Summer,2021,Chris.P,60,2.857142857,0,7,0.205013401545258,102,256.3246402,1.409090909,233.01,0.601319747,1.134504191,0.362774641,80.12,0.312578484,126.8379531,0.634932897,1.421,352.1
TP03,SY-TP03_C_W2019,SY-TP,3,Centre,Winter,2019,Katie.E,60,3,0,5,0.80582747905731,22,256.3246402,1.409090909,233.01,0.601319747,1.134504191,0.362774641,80.12,0.312578484,126.8379531,0.634932897,1.421,352.1
TP03,SY-TP03_E_S2020,SY-TP,3,Edge,Summer,2020,Lydia.K,60,3.571428571,0,12,0.472262451285714,59,256.3246402,1.409090909,233.01,0.601319747,1.134504191,0.362774641,80.12,0.312578484,126.8379531,0.634932897,1.421,352.1
TP03,SY-TP03_E_S2021,SY-TP,3,Edge,Summer,2021,Chris.P,60,3.285714286,0,8,0.537275747466593,159,256.3246402,1.409090909,233.01,0.601319747,1.134504191,0.362774641,80.12,0.312578484,126.8379531,0.634932897,1.421,352.1
TP03,SY-TP03_E_W2019,SY-TP,3,Edge,Winter,2019,Katie.E,58,3.285714286,0,7,0.497337747391273,62,256.3246402,1.409090909,233.01,0.601319747,1.134504191,0.362774641,80.12,0.312578484,126.8379531,0.634932897,1.421,352.1
TP03,SY-TP03_E_W2020,SY-TP,3,Edge,Winter,2020,Chris.P,60,3.428571429,0,7,0.568114703661401,150,256.3246402,1.409090909,233.01,0.601319747,1.134504191,0.362774641,80.12,0.312578484,126.8379531,0.634932897,1.421,352.1
TP03,SY-TP03_O_S2020,SY-TP,3,Off,Summer,2020,Chris.P,60,3.714285714,0,5,0.0415613676707615,692,256.3246402,1.409090909,233.01,0.601319747,1.134504191,0.362774641,80.12,0.312578484,126.8379531,0.634932897,1.421,352.1
TP03,SY-TP03_O_S2021,SY-TP,3,Off,Summer,2021,Chris.P,60,4,0,7,1.01904999647138,126,256.3246402,1.409090909,233.01,0.601319747,1.134504191,0.362774641,80.12,0.312578484,126.8379531,0.634932897,1.421,352.1
TP03,SY-TP03_O_W2019,SY-TP,3,Off,Winter,2019,Katie.E,60,3.714285714,0,4,0.0758026428676065,311,256.3246402,1.409090909,233.01,0.601319747,1.134504191,0.362774641,80.12,0.312578484,126.8379531,0.634932897,1.421,352.1
TP06,SY-TP06_C_S2020,SY-TP,6,Centre,Summer,2020,Lydia.K,60,3.714285714,0,9,1.27676669203987,349,22.26383477,1.285,218.61,0.611646454,1.1990906,1.154666966,20.74,0.931427971,120.1834772,2.57014264,1.428,27.17
TP06,SY-TP06_C_S2021,SY-TP,6,Centre,Summer,2021,Chris.P,60,4,0,8,0.298605700603022,85,22.26383477,1.285,218.61,0.611646454,1.1990906,1.154666966,20.74,0.931427971,120.1834772,2.57014264,1.428,27.17
TP06,SY-TP06_C_W2020,SY-TP,6,Centre,Winter,2020,Chris.P,60,2.857142857,0,4,0.853476431732996,64,22.26383477,1.285,218.61,0.611646454,1.1990906,1.154666966,20.74,0.931427971,120.1834772,2.57014264,1.428,27.17
TP06,SY-TP06_E_S2020,SY-TP,6,Edge,Summer,2020,Chris.P,32,3,0,10,1.64883909156505,67,22.26383477,1.285,218.61,0.611646454,1.1990906,1.154666966,20.74,0.931427971,120.1834772,2.57014264,1.428,27.17
TP06,SY-TP06_E_S2021,SY-TP,6,Edge,Summer,2021,Chris.P,60,3.714285714,0,11,0.826532670567329,114,22.26383477,1.285,218.61,0.611646454,1.1990906,1.154666966,20.74,0.931427971,120.1834772,2.57014264,1.428,27.17
TP06,SY-TP06_E_W2019,SY-TP,6,Edge,Winter,2019,Chris.P,60,4,0,10,1.71025443505763,71,22.26383477,1.285,218.61,0.611646454,1.1990906,1.154666966,20.74,0.931427971,120.1834772,2.57014264,1.428,27.17
TP06,SY-TP06_E_W2020,SY-TP,6,Edge,Winter,2020,Chris.P,60,2.857142857,0,5,0.991138896613094,14,22.26383477,1.285,218.61,0.611646454,1.1990906,1.154666966,20.74,0.931427971,120.1834772,2.57014264,1.428,27.17
TP06,SY-TP06_O_S2020,SY-TP,6,Off,Summer,2020,Lydia.K,60,3,0,6,0.598269588585257,42,22.26383477,1.285,218.61,0.611646454,1.1990906,1.154666966,20.74,0.931427971,120.1834772,2.57014264,1.428,27.17
TP06,SY-TP06_O_S2021,SY-TP,6,Off,Summer,2021,Chris.P,60,4,0,7,1.02151609537644,75,22.26383477,1.285,218.61,0.611646454,1.1990906,1.154666966,20.74,0.931427971,120.1834772,2.57014264,1.428,27.17
TP06,SY-TP06_O_W2019,SY-TP,6,Off,Winter,2019,Chris.P,60,2.857142857,0,4,0.540774281056187,50,22.26383477,1.285,218.61,0.611646454,1.1990906,1.154666966,20.74,0.931427971,120.1834772,2.57014264,1.428,27.17
TP06,SY-TP06_O_W2020,SY-TP,6,Off,Winter,2020,Chris.P,60,3.714285714,0,3,0.0159174821456764,446,22.26383477,1.285,218.61,0.611646454,1.1990906,1.154666966,20.74,0.931427971,120.1834772,2.57014264,1.428,27.17
TP08,SY-TP08_C_S2020,SY-TP,8,Centre,Summer,2020,Chris.P,60,3.857142857,0,6,0.566196025004669,149,78.78114329,1.7,203.1,0.514074014,1.249191666,0.776280323,48.19,0.611657038,111.4966105,2.685711174,1.381,126.49
TP08,SY-TP08_C_S2021,SY-TP,8,Centre,Summer,2021,Sophie.R,60,3,0,8,0.600516048783267,88,78.78114329,1.7,203.1,0.514074014,1.249191666,0.776280323,48.19,0.611657038,111.4966105,2.685711174,1.381,126.49
TP08,SY-TP08_C_W2020,SY-TP,8,Centre,Winter,2020,Chris.P,60,3,0,3,0.267567912572871,4,78.78114329,1.7,203.1,0.514074014,1.249191666,0.776280323,48.19,0.611657038,111.4966105,2.685711174,1.381,126.49
TP08,SY-TP08_E_W2019,SY-TP,8,Edge,Winter,2019,Katie.E,59,3.714285714,0,4,0.690899921878776,44,78.78114329,1.7,203.1,0.514074014,1.249191666,0.776280323,48.19,0.611657038,111.4966105,2.685711174,1.381,126.49
TP08,SY-TP08_E_W2020,SY-TP,8,Edge,Winter,2020,Chris.P,60,3.857142857,0,3,0.693328818348111,38,78.78114329,1.7,203.1,0.514074014,1.249191666,0.776280323,48.19,0.611657038,111.4966105,2.685711174,1.381,126.49
TP08,SY-TP08_O_S2020,SY-TP,8,Off,Summer,2020,Chris.P,60,3,0,7,1.05979844994128,22,78.78114329,1.7,203.1,0.514074014,1.249191666,0.776280323,48.19,0.611657038,111.4966105,2.685711174,1.381,126.49
TP08,SY-TP08_O_S2021,SY-TP,8,Off,Summer,2021,Chris.P,60,2.857142857,0,7,1.18664082537942,21,78.78114329,1.7,203.1,0.514074014,1.249191666,0.776280323,48.19,0.611657038,111.4966105,2.685711174,1.381,126.49
TP08,SY-TP08_O_W2019,SY-TP,8,Off,Winter,2019,Katie.E,60,3.428571429,0,3,0.119246926396245,156,78.78114329,1.7,203.1,0.514074014,1.249191666,0.776280323,48.19,0.611657038,111.4966105,2.685711174,1.381,126.49
TP08,SY-TP08_O_W2020,SY-TP,8,Off,Winter,2020,Chris.P,60,4,0,5,0.0283996430953189,226,78.78114329,1.7,203.1,0.514074014,1.249191666,0.776280323,48.19,0.611657038,111.4966105,2.685711174,1.381,126.49
TP14,SY-TP14_C_S2020,SY-TP,14,Centre,Summer,2020,Lydia.K,60,3.142857143,0,10,1.08496517161741,140,158.3547783,1.380769231,226.6,0.459139522,1.140203242,0.453318602,57.7,0.364367033,134.3171539,10.50503145,1.595,226.2
TP14,SY-TP14_C_S2021,SY-TP,14,Centre,Summer,2021,Chris.P,60,1.285714286,0,5,0.154049954402743,16,158.3547783,1.380769231,226.6,0.459139522,1.140203242,0.453318602,57.7,0.364367033,134.3171539,10.50503145,1.595,226.2
TP14,SY-TP14_C_W2019,SY-TP,14,Centre,Winter,2019,Katie.E,60,3.428571429,0,5,0.174725352547922,38,158.3547783,1.380769231,226.6,0.459139522,1.140203242,0.453318602,57.7,0.364367033,134.3171539,10.50503145,1.595,226.2
TP14,SY-TP14_C_W2020,SY-TP,14,Centre,Winter,2020,Chris.P,60,2.857142857,0,7,0.812132386314027,30,158.3547783,1.380769231,226.6,0.459139522,1.140203242,0.453318602,57.7,0.364367033,134.3171539,10.50503145,1.595,226.2
TP14,SY-TP14_E_S2020,SY-TP,14,Edge,Summer,2020,Lydia.K,60,3.285714286,0,9,1.51592196336524,222,158.3547783,1.380769231,226.6,0.459139522,1.140203242,0.453318602,57.7,0.364367033,134.3171539,10.50503145,1.595,226.2
TP14,SY-TP14_E_S2021,SY-TP,14,Edge,Summer,2021,Chris.P,60,3.285714286,0,6,0.367918991419578,44,158.3547783,1.380769231,226.6,0.459139522,1.140203242,0.453318602,57.7,0.364367033,134.3171539,10.50503145,1.595,226.2
TP14,SY-TP14_E_W2019,SY-TP,14,Edge,Winter,2019,Katie.E,60,2.857142857,0,8,0.150317150480761,165,158.3547783,1.380769231,226.6,0.459139522,1.140203242,0.453318602,57.7,0.364367033,134.3171539,10.50503145,1.595,226.2
TP14,SY-TP14_E_W2020,SY-TP,14,Edge,Winter,2020,Chris.P,60,2.857142857,0,9,1.44441802107759,61,158.3547783,1.380769231,226.6,0.459139522,1.140203242,0.453318602,57.7,0.364367033,134.3171539,10.50503145,1.595,226.2
TP14,SY-TP14_O_S2020,SY-TP,14,Off,Summer,2020,Lydia.K,60,3,0,9,0.945852902765743,111,158.3547783,1.380769231,226.6,0.459139522,1.140203242,0.453318602,57.7,0.364367033,134.3171539,10.50503145,1.595,226.2
TP14,SY-TP14_O_S2021,SY-TP,14,Off,Summer,2021,Chris.P,60,3,0,6,0.680124245213054,50,158.3547783,1.380769231,226.6,0.459139522,1.140203242,0.453318602,57.7,0.364367033,134.3171539,10.50503145,1.595,226.2
TP14,SY-TP14_O_W2019,SY-TP,14,Off,Winter,2019,Katie.E,60,3.571428571,0,3,0.147894357602418,13,158.3547783,1.380769231,226.6,0.459139522,1.140203242,0.453318602,57.7,0.364367033,134.3171539,10.50503145,1.595,226.2
TP14,SY-TP14_O_W2020,SY-TP,14,Off,Winter,2020,Chris.P,60,3,0,7,0.525654743677356,36,158.3547783,1.380769231,226.6,0.459139522,1.140203242,0.453318602,57.7,0.364367033,134.3171539,10.50503145,1.595,226.2
TP15,SY-TP15_C_S2020,SY-TP,15,Centre,Summer,2020,Lydia.K,60,4,0,9,1.36985641545358,181,11.99572144,1.2,211.8,0.459718264,1.155525641,1.401459854,13.55,1.129462145,122.3620828,10.65555843,1.891,23.57
TP15,SY-TP15_C_S2021,SY-TP,15,Centre,Summer,2021,Chris.P,60,4,0,9,0.92762431699165,192,11.99572144,1.2,211.8,0.459718264,1.155525641,1.401459854,13.55,1.129462145,122.3620828,10.65555843,1.891,23.57
TP15,SY-TP15_C_W2020,SY-TP,15,Centre,Winter,2020,Chris.P,60,4,0,5,0.606401830389984,124,11.99572144,1.2,211.8,0.459718264,1.155525641,1.401459854,13.55,1.129462145,122.3620828,10.65555843,1.891,23.57
TP15,SY-TP15_E_S2020,SY-TP,15,Edge,Summer,2020,Lydia.K,60,3.857142857,0,11,1.53926307599516,199,11.99572144,1.2,211.8,0.459718264,1.155525641,1.401459854,13.55,1.129462145,122.3620828,10.65555843,1.891,23.57
TP15,SY-TP15_E_S2021,SY-TP,15,Edge,Summer,2021,Chris.P,60,3.142857143,0,10,1.63057167172444,142,11.99572144,1.2,211.8,0.459718264,1.155525641,1.401459854,13.55,1.129462145,122.3620828,10.65555843,1.891,23.57
TP15,SY-TP15_E_W2020,SY-TP,15,Edge,Winter,2020,Chris.P,60,3.428571429,0,7,0.983961446001026,13,11.99572144,1.2,211.8,0.459718264,1.155525641,1.401459854,13.55,1.129462145,122.3620828,10.65555843,1.891,23.57
TP15,SY-TP15_O_S2020,SY-TP,15,Off,Summer,2020,Chris.P,60,4,0,4,0.637346601019184,124,11.99572144,1.2,211.8,0.459718264,1.155525641,1.401459854,13.55,1.129462145,122.3620828,10.65555843,1.891,23.57
TP15,SY-TP15_O_S2021,SY-TP,15,Off,Summer,2021,Chris.P,60,3.857142857,0,6,0.529643502540352,22,11.99572144,1.2,211.8,0.459718264,1.155525641,1.401459854,13.55,1.129462145,122.3620828,10.65555843,1.891,23.57
TP15,SY-TP15_O_W2019,SY-TP,15,Off,Winter,2019,Katie.E,60,4,0,4,0.143387358101299,121,11.99572144,1.2,211.8,0.459718264,1.155525641,1.401459854,13.55,1.129462145,122.3620828,10.65555843,1.891,23.57
TP15,SY-TP15_O_W2020,SY-TP,15,Off,Winter,2020,Chris.P,60,3.857142857,0,4,0.221754280447947,63,11.99572144,1.2,211.8,0.459718264,1.155525641,1.401459854,13.55,1.129462145,122.3620828,10.65555843,1.891,23.57
TP16,SY-TP16_C_S2020,SY-TP,16,Centre,Summer,2020,Daniella.C,60,4,0,11,0.963505926105475,502,15.2788688,1.36875,189.98,0.684897299,1.246841366,1.432308698,17.81,1.165352137,109.9427401,10.65555843,1.723,30.76
TP16,SY-TP16_C_S2021,SY-TP,16,Centre,Summer,2021,Chris.P,60,3.142857143,0,7,0.939043080875055,68,15.2788688,1.36875,189.98,0.684897299,1.246841366,1.432308698,17.81,1.165352137,109.9427401,10.65555843,1.723,30.76
TP16,SY-TP16_C_W2019,SY-TP,16,Centre,Winter,2019,Katie.E,60,4,0,4,0.257318640543832,14,15.2788688,1.36875,189.98,0.684897299,1.246841366,1.432308698,17.81,1.165352137,109.9427401,10.65555843,1.723,30.76
TP16,SY-TP16_C_W2020,SY-TP,16,Centre,Winter,2020,Chris.P,43,4,0,4,0.0724013075984656,2,15.2788688,1.36875,189.98,0.684897299,1.246841366,1.432308698,17.81,1.165352137,109.9427401,10.65555843,1.723,30.76
TP16,SY-TP16_E_W2019,SY-TP,16,Edge,Winter,2019,Katie.E,60,4,0,7,1.10301941845122,356,15.2788688,1.36875,189.98,0.684897299,1.246841366,1.432308698,17.81,1.165352137,109.9427401,10.65555843,1.723,30.76
TP16,SY-TP16_O_S2020,SY-TP,16,Off,Summer,2020,Daniella.C,60,4,0,6,0.381066405983638,230,15.2788688,1.36875,189.98,0.684897299,1.246841366,1.432308698,17.81,1.165352137,109.9427401,10.65555843,1.723,30.76
TP16,SY-TP16_O_W2019,SY-TP,16,Off,Winter,2019,Katie.E,60,3.571428571,0,3,0.450561208866305,30,15.2788688,1.36875,189.98,0.684897299,1.246841366,1.432308698,17.81,1.165352137,109.9427401,10.65555843,1.723,30.76
TP23,SY-TP23_C_S2020,SY-TP,23,Centre,Summer,2020,Daniella.C,60,3.428571429,0,6,0.97030129515013,102,234.3363841,1.833870968,101.6,0.6128524,1.226857338,0.4852494,90.42,0.385846422,62.90746687,1.088900217,1.381,293.92
TP23,SY-TP23_C_S2021,SY-TP,23,Centre,Summer,2021,Chris.P,60,2.571428571,0,9,0.845948329589494,36,234.3363841,1.833870968,101.6,0.6128524,1.226857338,0.4852494,90.42,0.385846422,62.90746687,1.088900217,1.381,293.92
TP23,SY-TP23_C_W2019,SY-TP,23,Centre,Winter,2019,Katie.E,60,4,0,4,0.983303165310582,60,234.3363841,1.833870968,101.6,0.6128524,1.226857338,0.4852494,90.42,0.385846422,62.90746687,1.088900217,1.381,293.92
TP23,SY-TP23_C_W2020,SY-TP,23,Centre,Winter,2020,Chris.P,60,2.428571429,0,7,0.96995943555062,14,234.3363841,1.833870968,101.6,0.6128524,1.226857338,0.4852494,90.42,0.385846422,62.90746687,1.088900217,1.381,293.92
TP23,SY-TP23_E_S2020,SY-TP,23,Edge,Summer,2020,Daniella.C,60,3.857142857,0,12,0.0427257146057676,48,234.3363841,1.833870968,101.6,0.6128524,1.226857338,0.4852494,90.42,0.385846422,62.90746687,1.088900217,1.381,293.92
TP23,SY-TP23_E_S2021,SY-TP,23,Edge,Summer,2021,Chris.P,60,3,0,10,0.428563375733173,63,234.3363841,1.833870968,101.6,0.6128524,1.226857338,0.4852494,90.42,0.385846422,62.90746687,1.088900217,1.381,293.92
TP23,SY-TP23_E_W2019,SY-TP,23,Edge,Winter,2019,Katie.E,60,4,0,11,0.439593545914261,24,234.3363841,1.833870968,101.6,0.6128524,1.226857338,0.4852494,90.42,0.385846422,62.90746687,1.088900217,1.381,293.92
TP23,SY-TP23_E_W2020,SY-TP,23,Edge,Winter,2020,Chris.P,60,4,0,10,1.16409173055667,8,234.3363841,1.833870968,101.6,0.6128524,1.226857338,0.4852494,90.42,0.385846422,62.90746687,1.088900217,1.381,293.92
TP23,SY-TP23_O_S2020,SY-TP,23,Off,Summer,2020,Daniella.C,60,3.428571429,0,12,0.966295160387405,84,234.3363841,1.833870968,101.6,0.6128524,1.226857338,0.4852494,90.42,0.385846422,62.90746687,1.088900217,1.381,293.92
TP23,SY-TP23_O_S2021,SY-TP,23,Off,Summer,2021,Chris.P,60,2,0,8,0.197755102742848,11,234.3363841,1.833870968,101.6,0.6128524,1.226857338,0.4852494,90.42,0.385846422,62.90746687,1.088900217,1.381,293.92
TP23,SY-TP23_O_W2019,SY-TP,23,Off,Winter,2019,Katie.E,60,3.571428571,0,5,1.17083705145077,45,234.3363841,1.833870968,101.6,0.6128524,1.226857338,0.4852494,90.42,0.385846422,62.90746687,1.088900217,1.381,293.92
TP27,SY-TP27_C_S2020,SY-TP,27,Centre,Summer,2020,Daniella.C,60,3.857142857,0,12,1.54966035346758,818,15.89500898,1.19375,210.28,0.425014869,1.13075645,1.202581458,15.43,0.970691027,127.3726975,10.50503145,1.588,26.7
TP27,SY-TP27_C_S2021,SY-TP,27,Centre,Summer,2021,Chris.P,60,3.285714286,0,8,0.440427653403346,53,15.89500898,1.19375,210.28,0.425014869,1.13075645,1.202581458,15.43,0.970691027,127.3726975,10.50503145,1.588,26.7
TP27,SY-TP27_C_W2019,SY-TP,27,Centre,Winter,2019,Katie.E,60,3,0,3,1.04632221360228,69,15.89500898,1.19375,210.28,0.425014869,1.13075645,1.202581458,15.43,0.970691027,127.3726975,10.50503145,1.588,26.7
TP27,SY-TP27_E_S2020,SY-TP,27,Edge,Summer,2020,Daniella.C,60,3.571428571,0,13,1.77631753833552,132,15.89500898,1.19375,210.28,0.425014869,1.13075645,1.202581458,15.43,0.970691027,127.3726975,10.50503145,1.588,26.7
TP27,SY-TP27_E_S2021,SY-TP,27,Edge,Summer,2021,Chris.P,60,2.857142857,0,14,1.21051383386151,91,15.89500898,1.19375,210.28,0.425014869,1.13075645,1.202581458,15.43,0.970691027,127.3726975,10.50503145,1.588,26.7
TP27,SY-TP27_E_W2019,SY-TP,27,Edge,Winter,2019,Katie.E,60,4,0,8,0.251249686418762,92,15.89500898,1.19375,210.28,0.425014869,1.13075645,1.202581458,15.43,0.970691027,127.3726975,10.50503145,1.588,26.7
TP27,SY-TP27_E_W2020,SY-TP,27,Edge,Winter,2020,Chris.P,60,4,0,8,0.225122016113953,40,15.89500898,1.19375,210.28,0.425014869,1.13075645,1.202581458,15.43,0.970691027,127.3726975,10.50503145,1.588,26.7
TP27,SY-TP27_O_S2020,SY-TP,27,Off,Summer,2020,Daniella.C,60,3.571428571,0,7,0.684509010472153,121,15.89500898,1.19375,210.28,0.425014869,1.13075645,1.202581458,15.43,0.970691027,127.3726975,10.50503145,1.588,26.7
TP27,SY-TP27_O_S2021,SY-TP,27,Off,Summer,2021,Chris.P,60,2.428571429,0,6,0.410116318288409,11,15.89500898,1.19375,210.28,0.425014869,1.13075645,1.202581458,15.43,0.970691027,127.3726975,10.50503145,1.588,26.7
TP27,SY-TP27_O_W2019,SY-TP,27,Off,Winter,2019,Katie.E,60,4,0,2,0.0143776960990654,501,15.89500898,1.19375,210.28,0.425014869,1.13075645,1.202581458,15.43,0.970691027,127.3726975,10.50503145,1.588,26.7
TP27,SY-TP27_O_W2020,SY-TP,27,Off,Winter,2020,Chris.P,60,4,0,3,0.622737133782952,89,15.89500898,1.19375,210.28,0.425014869,1.13075645,1.202581458,15.43,0.970691027,127.3726975,10.50503145,1.588,26.7
TP37,SY-TP37_C_S2020,SY-TP,37,Centre,Summer,2020,Chris.P,60,2.571428571,0,10,1.23226608337141,615,40.89004236,1.296153846,102.08,0.30414476,1.148698302,0.824363992,26.32,0.64375743,65.97286409,0.487140909,1.465,58.62
TP37,SY-TP37_C_S2021,SY-TP,37,Centre,Summer,2021,Sophie.R,60,2.428571429,0,5,0.562258584045001,107,40.89004236,1.296153846,102.08,0.30414476,1.148698302,0.824363992,26.32,0.64375743,65.97286409,0.487140909,1.465,58.62
TP37,SY-TP37_C_W2020,SY-TP,37,Centre,Winter,2020,Chris.P,60,3.142857143,0,6,0.265465066018534,18,40.89004236,1.296153846,102.08,0.30414476,1.148698302,0.824363992,26.32,0.64375743,65.97286409,0.487140909,1.465,58.62
TP37,SY-TP37_E_S2020,SY-TP,37,Edge,Summer,2020,Chris.P,60,3.428571429,0,13,1.85469446314698,149,40.89004236,1.296153846,102.08,0.30414476,1.148698302,0.824363992,26.32,0.64375743,65.97286409,0.487140909,1.465,58.62
TP37,SY-TP37_E_S2021,SY-TP,37,Edge,Summer,2021,Chris.P,60,3.285714286,0,12,0.469441849924857,63,40.89004236,1.296153846,102.08,0.30414476,1.148698302,0.824363992,26.32,0.64375743,65.97286409,0.487140909,1.465,58.62
TP37,SY-TP37_E_W2019,SY-TP,37,Edge,Winter,2019,Katie.E,60,4,0,9,0.128724523996346,78,40.89004236,1.296153846,102.08,0.30414476,1.148698302,0.824363992,26.32,0.64375743,65.97286409,0.487140909,1.465,58.62
TP37,SY-TP37_E_W2020,SY-TP,37,Edge,Winter,2020,Chris.P,60,4,0,7,0.744433958779381,49,40.89004236,1.296153846,102.08,0.30414476,1.148698302,0.824363992,26.32,0.64375743,65.97286409,0.487140909,1.465,58.62
TP37,SY-TP37_O_S2020,SY-TP,37,Off,Summer,2020,Daniella.C,60,3.428571429,0,8,0.725530482746927,80,40.89004236,1.296153846,102.08,0.30414476,1.148698302,0.824363992,26.32,0.64375743,65.97286409,0.487140909,1.465,58.62
TP37,SY-TP37_O_S2021,SY-TP,37,Off,Summer,2021,Chris.P,60,3.142857143,0,6,1.00638566982026,11,40.89004236,1.296153846,102.08,0.30414476,1.148698302,0.824363992,26.32,0.64375743,65.97286409,0.487140909,1.465,58.62
TP37,SY-TP37_O_W2019,SY-TP,37,Off,Winter,2019,Katie.E,60,3.857142857,0,7,0.436284133250303,184,40.89004236,1.296153846,102.08,0.30414476,1.148698302,0.824363992,26.32,0.64375743,65.97286409,0.487140909,1.465,58.62
TP37,SY-TP37_O_W2020,SY-TP,37,Off,Winter,2020,Chris.P,60,3.714285714,0,4,0.543270613128478,41,40.89004236,1.296153846,102.08,0.30414476,1.148698302,0.824363992,26.32,0.64375743,65.97286409,0.487140909,1.465,58.62
TP55,SY-TP55_C_S2020,SY-TP,55,Centre,Summer,2020,Chris.P,60,3.714285714,0,7,0.528938166567272,70,62.96697238,1.590625,83.93,0.533170215,1.228023862,0.808417709,40.27,0.639503967,63.00496577,0.23961239,1.442,91.86
TP55,SY-TP55_C_S2021,SY-TP,55,Centre,Summer,2021,Chris.P,60,2,0,8,1.28704799090594,42,62.96697238,1.590625,83.93,0.533170215,1.228023862,0.808417709,40.27,0.639503967,63.00496577,0.23961239,1.442,91.86
TP55,SY-TP55_C_W2019,SY-TP,55,Centre,Winter,2019,Katie.E,60,4,0,7,0.590191367935802,39,62.96697238,1.590625,83.93,0.533170215,1.228023862,0.808417709,40.27,0.639503967,63.00496577,0.23961239,1.442,91.86
TP55,SY-TP55_E_S2020,SY-TP,55,Edge,Summer,2020,Chris.P,60,3.285714286,0,9,0.861104796122322,110,62.96697238,1.590625,83.93,0.533170215,1.228023862,0.808417709,40.27,0.639503967,63.00496577,0.23961239,1.442,91.86
TP55,SY-TP55_E_S2021,SY-TP,55,Edge,Summer,2021,Chris.P,60,2,0,9,1.5569284055048,36,62.96697238,1.590625,83.93,0.533170215,1.228023862,0.808417709,40.27,0.639503967,63.00496577,0.23961239,1.442,91.86
TP55,SY-TP55_E_W2019,SY-TP,55,Edge,Winter,2019,Katie.E,60,3.857142857,0,9,0.851073323471218,54,62.96697238,1.590625,83.93,0.533170215,1.228023862,0.808417709,40.27,0.639503967,63.00496577,0.23961239,1.442,91.86
TP55,SY-TP55_O_S2020,SY-TP,55,Off,Summer,2020,Chris.P,60,2.571428571,0,5,0.598231280937331,37,62.96697238,1.590625,83.93,0.533170215,1.228023862,0.808417709,40.27,0.639503967,63.00496577,0.23961239,1.442,91.86
TP55,SY-TP55_O_W2019,SY-TP,55,Off,Winter,2019,Katie.E,60,3.857142857,0,6,0.771837277558569,109,62.96697238,1.590625,83.93,0.533170215,1.228023862,0.808417709,40.27,0.639503967,63.00496577,0.23961239,1.442,91.86
TP57,SY-TP57_C_S2020,SY-TP,57,Centre,Summer,2020,Chris.P,60,3.714285714,0,9,0.731651934325828,146,25.07795808,1.272727273,86.83,0.509183143,1.207564345,1.115537849,22.57,0.89980702,60.32600256,0.693783039,1.485,24.58
TP57,SY-TP57_C_S2021,SY-TP,57,Centre,Summer,2021,Chris.P,60,4,0,9,0.605968954167898,76,25.07795808,1.272727273,86.83,0.509183143,1.207564345,1.115537849,22.57,0.89980702,60.32600256,0.693783039,1.485,24.58
TP57,SY-TP57_C_W2019,SY-TP,57,Centre,Winter,2019,Katie.E,60,4,0,6,0.420043226227316,33,25.07795808,1.272727273,86.83,0.509183143,1.207564345,1.115537849,22.57,0.89980702,60.32600256,0.693783039,1.485,24.58
TP57,SY-TP57_E_S2020,SY-TP,57,Edge,Summer,2020,Chris.P,60,4,0,12,0.122195622591519,38,25.07795808,1.272727273,86.83,0.509183143,1.207564345,1.115537849,22.57,0.89980702,60.32600256,0.693783039,1.485,24.58
TP57,SY-TP57_E_S2021,SY-TP,57,Edge,Summer,2021,Chris.P,60,2.428571429,0,8,0.507517431968861,19,25.07795808,1.272727273,86.83,0.509183143,1.207564345,1.115537849,22.57,0.89980702,60.32600256,0.693783039,1.485,24.58
TP57,SY-TP57_E_W2019,SY-TP,57,Edge,Winter,2019,Katie.E,60,3.142857143,0,9,0.2610702100634,37,25.07795808,1.272727273,86.83,0.509183143,1.207564345,1.115537849,22.57,0.89980702,60.32600256,0.693783039,1.485,24.58
TP57,SY-TP57_E_W2020,SY-TP,57,Edge,Winter,2020,Chris.P,60,4,0,6,1.39539709232679,15,25.07795808,1.272727273,86.83,0.509183143,1.207564345,1.115537849,22.57,0.89980702,60.32600256,0.693783039,1.485,24.58
TP57,SY-TP57_O_S2020,SY-TP,57,Off,Summer,2020,Chris.P,60,3.428571429,0,5,1.15698764434527,13,25.07795808,1.272727273,86.83,0.509183143,1.207564345,1.115537849,22.57,0.89980702,60.32600256,0.693783039,1.485,24.58
TP57,SY-TP57_O_S2021,SY-TP,57,Off,Summer,2021,Chris.P,60,2.428571429,0,9,0.515089560897578,9,25.07795808,1.272727273,86.83,0.509183143,1.207564345,1.115537849,22.57,0.89980702,60.32600256,0.693783039,1.485,24.58
TP57,SY-TP57_O_W2019,SY-TP,57,Off,Winter,2019,Katie.E,60,4,0,4,0.367649477400142,44,25.07795808,1.272727273,86.83,0.509183143,1.207564345,1.115537849,22.57,0.89980702,60.32600256,0.693783039,1.485,24.58
TP57,SY-TP57_O_W2020,SY-TP,57,Off,Winter,2020,Chris.P,60,4,0,6,0.790016421014412,124,25.07795808,1.272727273,86.83,0.509183143,1.207564345,1.115537849,22.57,0.89980702,60.32600256,0.693783039,1.485,24.58
