id_tanque,tratamento_codigo,tipo_microalga,nivel_substituicao_pct,repeticao,sgr_pct_dia,sobrevivencia_pct,peso_inicial_medio_g,peso_final_medio_g,peixes_estocados,peixes_colhidos,temperatura_c,oxigenio_dissolvido_mg_l,ph,tan_mg_l,no2_n_mg_l,srp_mg_l,rbc_10_6_ul,hemoglobina_g_dl,pcv_pct,wbc_10_3_ul,linfocitos_pct,plaquetas_10_3_ul,proteina_total_g_dl,albumina_g_dl,globulina_g_dl,razao_albumina_globulina,glicose_mg_dl,triglicerideos_mg_dl,colesterol_mg_dl,ureia_mg_dl,bun_mg_dl
cr1,CR1,controle,0,1,8.06253408748892,55.5555555555556,0.0232,2.12,18,10,27.7785714285714,6.61111111111111,8.61071428571428,0.677125,0.52425,0.15325,1.49,6.9,23.6,18.9,58.9,66.2,6.1,2.5,3.6,0.694444444444445,79.8,213.8,250.4,30.5995717344754,14.29
cr2,CR2,controle,0,2,8.04799435277385,61.1111111111111,0.0235,2.13,18,11,27.5446428571429,6.54444444444445,8.44642857142857,0.6684375,0.503875,0.143875,1.46,6.6,23.3,18.5,59,66.4,6.15,2.47,3.68,0.671195652173913,79,214,250.7,30.406852248394,14.2
cr3,CR3,controle,0,3,8.0667407190826,66.6666666666667,0.0232,2.125,18,12,27.6,6.65555555555556,8.5875,0.650375,0.51125,0.154125,1.44,7,23,17.9,58,66.3,6.03,2.44,3.59,0.67966573816156,78.9,213.1,250,31.9057815845824,14.9
n25r1,N25R1,nannochloropsis,25,1,7.24839039850076,83.3333333333333,0.0231,1.338,18,15,27.8053571428572,6.48888888888889,8.57857142857143,0.54325,0.443125,0.10475,1.66,8.1,28.5,21.8,51.9,45.5,4.8,2.12,2.68,0.791044776119403,72.7,199.9,208.7,24.4111349036403,11.4
n25r2,N25R2,nannochloropsis,25,2,7.22228725115026,88.8888888888889,0.0233,1.33,18,16,27.4857142857143,6.70555555555555,8.55178571428571,0.544125,0.43275,0.103,1.68,8.2,28.3,21.6,52.5,45.7,4.83,2.09,2.74,0.762773722627737,73,198.7,207.94,23.982869379015,11.2
n25r3,N25R3,nannochloropsis,25,3,7.25079109026147,88.8888888888889,0.023,1.334,18,16,27.6660714285714,6.56666666666667,8.39285714285714,0.53925,0.445375,0.10325,1.67,8.6,28,21,52,45.4,4.8,2.2,2.6,0.846153846153846,72.9,199,208,25.4817987152034,11.9
n50r1,N50R1,nannochloropsis,50,1,6.73342633706498,83.3333333333333,0.0231,1.0028,18,15,27.7607142857143,6.65555555555556,8.53214285714286,0.595625,0.473625,0.136625,1.63,7.4,27.2,19.7,56.9,28.5,3.96,1.94,2.02,0.96039603960396,76.9,194,204.35,24.1970021413276,11.3
n50r2,N50R2,nannochloropsis,50,2,6.70170078817055,83.3333333333333,0.0235,1.0022,18,15,27.4571428571429,6.54444444444444,8.50714285714286,0.5941875,0.473,0.13275,1.62,7.3,27.5,19.3,56.3,28.6,3.98,1.9,2.08,0.913461538461538,77,194.7,205.2,23.7687366167023,11.1
n50r3,N50R3,nannochloropsis,50,3,6.72638202365926,88.8888888888889,0.0233,1.0075,18,16,27.7410714285714,6.45,8.29821428571429,0.595375,0.467875,0.14075,1.6,7.7,27,19,56,28.9,3.9,1.91,1.99,0.959798994974874,76,193.8,204,23.5546038543897,11
t25r1,T25R1,tetraselmis,25,1,7.90911969889743,94.4444444444444,0.0223,1.87,18,17,27.95,6.55,8.48928571428572,0.46925,0.428875,0.111,1.77,9.8,32.7,26.2,47.7,43.2,5.6,2.35,3.25,0.723076923076923,67,208.9,230,27.4089935760171,12.8
t25r2,T25R2,tetraselmis,25,2,7.82504756191765,88.8888888888889,0.0235,1.88,18,16,27.6142857142857,6.50555555555556,8.46964285714286,0.4675,0.412375,0.10775,1.76,9.6,32.4,26,47.4,43,5.74,2.36,3.38,0.698224852071006,67.5,208,230.7,27.6231263383298,12.9
t25r3,T25R3,tetraselmis,25,3,7.89794398070382,94.4444444444444,0.0225,1.875,18,17,27.8482142857143,6.62222222222222,8.3125,0.466125,0.426375,0.10625,1.7,9.4,32.9,26.9,47,43.3,5.7,2.3,3.4,0.676470588235294,68,209,231,26.7665952890792,12.5
t50r1,T50R1,tetraselmis,50,1,7.57501809824087,88.8888888888889,0.0221,1.537,18,16,28.0517857142857,6.56111111111111,8.51071428571429,0.546875,0.4415,0.119125,1.7,8.7,30.8,23.8,48.7,37.5,5.37,2.33,3.04,0.766447368421053,70,202.6,219.6,25.2676659528908,11.8
t50r2,T50R2,tetraselmis,50,2,7.46894097258389,94.4444444444444,0.0233,1.527,18,17,27.6107142857143,6.47777777777778,8.48214285714286,0.547,0.421,0.118375,1.74,8.5,30.5,23,48,37.2,5.47,2.36,3.11,0.758842443729904,69.6,201.1,219,25.0535331905782,11.7
t50r3,T50R3,tetraselmis,50,3,7.52136504609496,88.8888888888889,0.0227,1.532,18,16,27.7803571428571,6.61666666666667,8.28928571428571,0.548375,0.424,0.12,1.72,8.9,30.3,23.5,47.9,37.7,5.5,2.3,3.2,0.71875,69,202,220,25.6959314775161,12
