id_peixe,tanque,crescimento_especifico_pct_dia,temperatura_c,racao_g,massa_inicial_g,eficiencia_conversao,racao_fator
3774,2,1.10002,22,0.187703703703704,26.6,0.59,high
9309,2,0.91615,22,0.187703703703704,19.6,0.59,high
9558,2,0.79841,22,0.187703703703704,21.8,0.59,high
9312,2,0.77444,22,0.187703703703704,19.5,0.59,high
3890,2,0.56208,22,0.187703703703704,19.6,0.59,high
9163,2,0.48194,22,0.187703703703704,13.5,0.59,high
9304,2,0.12724,22,0.187703703703704,25.7,0.59,high
9416,2,-0.20519,22,0.187703703703704,20.1,0.59,high
9503,2,-0.47597,22,0.187703703703704,24.8,0.59,high
9366,3,2.90135,15,0.314066666666667,16.5,1.42,high
3831,3,2.48708,15,0.314066666666667,19.3,1.42,high
9168,3,2.25252,15,0.314066666666667,14.5,1.42,high
3708,3,1.6698,15,0.314066666666667,18.3,1.42,high
9446,3,1.50662,15,0.314066666666667,19.6,1.42,high
9465,3,1.05712,15,0.314066666666667,27.6,1.42,high
3830,3,1.60363,15,0.314066666666667,15.7,1.42,high
9575,3,1.49944,15,0.314066666666667,16.9,1.42,high
3723,3,2.07589,15,0.314066666666667,10.3,1.42,high
9454,3,1.08186,15,0.314066666666667,19.3,1.42,high
9188,4,2.12491,15,0.3276,27.7,1.55,high
9354,4,2.9849,15,0.3276,16.5,1.55,high
9246,4,1.81526,15,0.3276,26.8,1.55,high
9200,4,1.91534,15,0.3276,24.6,1.55,high
9585,4,2.13774,15,0.3276,19.8,1.55,high
9355,4,1.38118,15,0.3276,22.4,1.55,high
6217,4,1.54694,15,0.3276,12.7,1.55,high
9155,4,1.51377,15,0.3276,12.7,1.55,high
9529,4,0.92779,15,0.3276,21.5,1.55,high
3703,4,0.97406,15,0.3276,16.5,1.55,high
9328,5,1.38477,15,0.16434,23.3,1.21,low
3707,5,1.25765,15,0.16434,19.2,1.21,low
9508,5,1.25023,15,0.16434,16.7,1.21,low
9376,5,0.9375,15,0.16434,23.4,1.21,low
9295,5,1.04405,15,0.16434,17.4,1.21,low
9106,5,0.7114,15,0.16434,24.8,1.21,low
9288,5,0.81307,15,0.16434,18.1,1.21,low
9149,5,0.96464,15,0.16434,14.6,1.21,low
9472,5,0.71963,15,0.16434,16.6,1.21,low
3843,5,-0.38666,15,0.16434,21,1.21,low
9572,6,2.48022,15,0.143233333333333,13.4,1.16,low
9281,6,1.69499,15,0.143233333333333,17.2,1.16,low
3745,6,2.20561,15,0.143233333333333,11.3,1.16,low
3839,6,0.76003,15,0.143233333333333,24.6,1.16,low
9229,6,1.25053,15,0.143233333333333,13.4,1.16,low
9402,6,1.36232,15,0.143233333333333,10.3,1.16,low
9538,6,0.01932,15,0.143233333333333,17.2,1.16,low
3880,6,-0.2504,15,0.143233333333333,15.2,1.16,low
3776,6,-0.30128,15,0.143233333333333,16.2,1.16,low
9461,6,-0.26788,15,0.143233333333333,25.9,1.16,low
9474,7,0.56633,22,0.0958666666666667,24.3,0.3,low
3812,7,0.71433,22,0.0958666666666667,15.9,0.3,low
3811,7,0.44911,22,0.0958666666666667,20.8,0.3,low
9190,7,0.58559,22,0.0958666666666667,15.1,0.3,low
9363,7,0.16207,22,0.0958666666666667,28.1,0.3,low
9513,7,0.14558,22,0.0958666666666667,22.4,0.3,low
9411,7,-0.06254,22,0.0958666666666667,26.9,0.3,low
9597,7,-0.51783,22,0.0958666666666667,13.9,0.3,low
9516,7,-0.49901,22,0.0958666666666667,18.7,0.3,low
9365,7,-0.4063,22,0.0958666666666667,24.4,0.3,low
9203,8,0.7828,22,0.0904,27.2,0.36,low
9565,8,0.95894,22,0.0904,15.3,0.36,low
9186,8,0.68779,22,0.0904,14.4,0.36,low
3805,8,0.34988,22,0.0904,25.3,0.36,low
9458,8,0.49955,22,0.0904,16.7,0.36,low
9223,8,0.12025,22,0.0904,24.5,0.36,low
3795,8,-0.37529,22,0.0904,21.6,0.36,low
3738,8,-0.5399,22,0.0904,21.4,0.36,low
9388,8,-0.60429,22,0.0904,19.3,0.36,low
9236,8,-0.85573,22,0.0904,15.9,0.36,low
